Step,DeltaQ
1,0.030625000000000003
2,0.04620375
3,0.04633824907424659
4,0.04066572093559953
5,0.03272030536483543
6,0.05672858402865683
7,0.05195028428955695
8,0.03297968081265318
9,0.050512824008199834
10,0.054760928340430344
11,0.031789008662264084
12,0.044656376693601445
13,0.03591483435969314
14,0.0512207328357673
15,0.05781175984933854
16,0.029425269460397363
17,0.047334984370211886
18,0.06752403077337575
19,0.054942983553501384
20,0.033373957039824875
21,0.04463414270248811
22,0.04953732012590512
23,0.051491868863810894
24,0.03338134919875507
25,0.04971044170753271
26,0.055897164012668143
27,0.057664004668753044
28,0.03326469325144066
29,0.05019478010590622
30,0.06855591531967146
31,0.03142506852372928
32,0.0696093046484831
33,0.012008873763500127
34,0.05640287541944186
35,0.053077724701678236
36,0.03599683098916512
37,0.05960914588923796
38,0.04287896025343038
39,0.05197081904506454
40,0.04277383152082248
41,0.05426282092206647
42,0.04741477455294209
43,0.053618073582904074
44,0.050980167180368796
45,0.050749951155196094
46,0.044220370021882005
47,0.06044619365139889
48,0.043346741969493174
49,0.04782019020661088
50,0.010723151248379859
51,0.06901817426927633
52,0.04303698040603554
53,0.046629349099324535
54,0.055329327078419144
55,0.029802290568203327
56,0.06671075222109248
57,0.028825841832316124
58,0.008878565635655589
59,0.06595622536180007
60,0.008290494660320724
61,0.029670638239801927
62,0.05833424918065783
63,0.0447320805097392
64,0.015445982999744756
65,0.03891725321731987
66,0.03230327485524659
67,0.054955097811357684
68,0.044345356990169726
69,0.022866982950548426
70,0.08264902997684773
71,0.014159531307505469
72,0.0802546447034258
73,0.02007077495396753
74,0.0652097691351598
75,0.04178949687778982
76,0.03922967830846513
77,0.08718126336821468
78,0.044128701816259996
79,0.019594193120090808
80,0.06278218577354136
81,0.02902936695560515
82,0.07808738816779415
83,0.04358895471267121
84,0.007493989845851423
85,0.05343969574867569
86,0.07117592572969171
87,0.06089846106727337
88,0.06474912552736845
89,0.004774331632887596
90,0.06455061534287407
91,0.007892168556905776
92,0.048177067221736286
93,0.037694823840872194
94,0.03253012892580143
95,0.03220149656714644
96,0.0015016756890612326
97,0.08480870599334409
98,0.03928866315757645
99,0.058045986116562476
100,0.03173556187261528
101,0.024011589506865882
102,0.036130677367212316
103,0.03446989375507614
104,0.05370160293889842
105,0.05710757456044689
106,0.05092915462015263
107,0.040085806775068566
108,0.03095788613188244
109,0.05306573895528732
110,0.030842578053910108
111,0.007214994798078522
112,0.03164215556578931
113,0.06124330524182445
114,0.0047390884131417454
115,0.05362845201291122
116,0.013901156938683323
117,0.07434968391535485
118,0.046034683118706954
119,0.014844932184782111
120,0.06555309718053942
121,0.03619482270144869
122,0.03011126488306315
123,0.0211876049612999
124,0.021163785730511697
125,0.034206077456048534
126,0.02487419317596906
127,0.02973048828773972
128,0.024343578405283783
129,0.01126043691041101
130,0.07647937836193014
131,0.028627434366793436
132,0.07737130006251161
133,0.04740776796406121
134,0.033771262694327286
135,0.028583314748634514
136,0.023903124651805774
137,0.008993031292824805
138,0.056347381032806454
139,0.023735115785246785
140,0.023722387280929347
141,0.03224951334487547
142,0.03285415332666897
143,0.06278286472806127
144,0.057306052571193145
145,0.026664248349405173
146,0.029000050199687988
147,0.02821237605981164
148,0.05498864400076253
149,0.03277806540736894
150,0.03422896542445886
151,0.027856887769351024
152,0.022753244260270145
153,0.03460316266880792
154,0.022512523119518235
155,0.021837814420618384
156,0.05759796660644023
157,0.026343101365794208
158,0.004479167451605148
159,0.021758375007509434
160,0.02397467224235461
161,0.07930910366629884
162,0.020648059326465296
163,0.08097944906370824
164,0.011621058313349919
165,0.03733708065806407
166,0.045801386538955435
167,0.027113218986154375
168,0.10033220673264681
169,0.021735036246770312
170,0.013427372285252481
171,0.06838606922512236
172,0.05794997889821718
173,0.03500792012218795
174,0.022863295148418783
175,0.03562051954018475
176,0.05691914638270146
177,0.0476107175619257
178,0.07125183169151261
179,0.005601400738694418
180,0.04741016636355089
181,0.10535443550862972
182,0.017632651907716568
183,0.06786234599241892
184,0.0002893598882822701
185,0.07556947626067123
186,0.028220414664645754
187,0.06442898546702414
188,0.0035236667117868326
189,0.07709795248918822
190,0.003780347435628273
191,0.033601468365859644
192,0.043332590478465605
193,0.05264192520905264
194,0.009384889467919377
195,0.03697145574995697
196,0.05603894058301839
197,0.011066500567331161
198,0.0638834295975243
199,0.029577677835497473
200,0.007466287599138699
201,0.05436216324786847
202,0.03136601109314796
203,0.016186819635549465
204,0.02390310578705046
205,0.04693880153489349
206,0.042547133871582155
207,0.020364351247244894
208,0.02014717111730624
209,0.03993909549005248
210,0.000714599024562057
211,0.039331722371721556
212,0.03438328109128175
213,0.06462178948099773
214,0.002590419367764163
215,0.031936248664078404
216,0.04765829267891519
217,0.023878594987536417
218,0.022520113544503673
219,0.04948426461809363
220,0.03311981826966082
221,0.04723070616743297
222,0.056431320989027256
223,0.043815947542970024
224,0.03793811042303852
225,0.017579602942295214
226,0.02492919292584239
227,0.02318161739644853
228,0.07587387822471758
229,0.05506473182381866
230,0.0664420410465908
231,0.023415708076228947
232,0.013444808750919801
233,0.03344382741486163
234,0.0654193257543364
235,0.070945736673662
236,0.05654369952392391
237,0.0010937110800435246
238,0.03424455849120289
239,0.058356794663256606
240,0.026586916304921715
241,0.0868648908108337
242,0.03236897639162084
243,0.03786343860216501
244,0.03952416145847004
245,0.07731307495310824
246,0.022086711707080098
247,0.063229709625238
248,0.021253300931978192
249,0.07048502718049549
250,0.03325759045166188
251,0.037596928522222184
252,0.047743583393170086
253,0.032607273831170014
254,0.06775639660360777
255,0.04087611712595174
256,0.06417056351534822
257,0.03162473063545468
258,0.05584842263191536
259,0.005456445896381501
260,0.07843907652689863
261,0.03132126439092198
262,0.06547556314744096
263,0.04295397124258604
264,0.0469901691112381
265,0.03189880300337067
266,0.015037138315510568
267,0.11512177207090046
268,0.017410170708268558
269,0.010348923032903468
270,0.10119499785665842
271,0.007685433482758075
272,0.012621498837215084
273,0.0646770451263754
274,0.043768603125026395
275,0.021204244770827385
276,0.031915389317512144
277,0.03780330215559313
278,0.035196412984985326
279,0.0007000920237549835
280,0.019913704399848853
281,0.11104266543527379
282,0.05919087577937787
283,0.009865077075351003
284,0.0592642845305531
285,0.03238287858410893
286,0.016612819634969966
287,0.03738891123739485
288,0.030567145468842316
289,0.015180492674465418
290,0.023142461750206067
291,0.019313309750224272
292,0.034097784437393086
293,0.029368109649537733
294,0.044520972560334604
295,0.018312254851033716
296,0.05132347406308846
297,0.022668254317167014
298,0.03274751057717107
299,0.043853067238212695
300,0.03193537551881542
301,0.03115734910055279
302,0.031818075432032966
303,0.0360525970852863
304,0.05848589862809139
305,0.028697884192675716
306,0.024772625291560324
307,0.028368191551580324
308,0.013157720399517014
309,0.05004149865754193
310,0.1285990518099189
311,0.054155770482718135
312,0.0539966219498895
313,0.0949988167187778
314,0.014271070814623199
315,0.11617190442779629
316,0.05768017354643773
317,0.0029380564449097424
318,0.03815127015275932
319,0.027995900984574273
320,0.07254347622756863
321,0.038852566540813704
322,0.02056421777616735
323,0.028889754821662006
324,0.016696727287236035
325,0.022930611047577987
326,0.02568054465719838
327,0.00846414946006635
328,0.07615513460180612
329,0.11306488712905904
330,0.04709083254908697
331,0.03709585573018259
332,0.03496213576029805
333,0.09233603611878682
334,0.028531914073822717
335,0.007613815336282137
336,0.08584310089280944
337,0.024167457289680394
338,0.05931703022618273
339,0.06749250506630278
340,0.03580343878871428
341,0.020038068977549894
342,0.04280354624532268
343,0.10237352544119838
344,0.011918679637094698
345,0.10371874686784077
346,0.04408861072121928
347,0.0952859011858565
348,0.004978847252473884
349,0.016509163445201702
350,0.023428919788040625
351,0.028718168528266252
352,0.025458424186410644
353,0.022940816605548475
354,0.03725923325382552
355,0.021024819916284576
356,0.0292973443109672
357,0.015744461461982606
358,0.011511030299971914
359,0.022198321042596003
360,0.020846386351614843
361,0.0033477964593240372
362,0.024956601129769718
363,0.019368389445366674
364,0.012932490922901607
365,0.022440192601205
366,0.011954439817269291
367,0.013745939463605916
368,0.016604678622757607
369,0.0789263328080364
370,0.01837594687966515
371,0.017458810961488824
372,0.02908283710911297
373,0.04996249134107744
374,0.031584328737636946
375,0.01803776198917184
376,0.02016692080033944
377,0.018083431804182926
378,0.014548119135573412
379,0.021809754084760824
380,0.014435299353789954
381,0.02218765463793204
382,0.024006052803084543
383,0.04037135802953373
384,0.006517104686703412
385,0.037262585441378615
386,0.021325360858006404
387,0.049845432641188125
388,0.13321658134927392
389,0.013571526559150504
390,0.021263397823579222
391,0.021098197218260895
392,0.02692042921235438
393,0.017366737590273518
394,0.026104632998202426
395,0.038206235811853784
396,0.10449093011630503
397,0.021785294267441246
398,0.020692390681317674
399,0.007497879126960205
400,0.03550349040138845
401,0.010968628333037689
402,0.028807066103103907
403,0.031233411889272977
404,0.012300182481723487
405,0.04240439401302942
406,0.05933296873077676
407,0.010892779956010568
408,0.016941581676412465
409,0.037526156305942804
410,0.06811490764949957
411,0.03987071276819876
412,0.05771807071930635
413,0.018735307858838812
414,0.10832586379196213
415,0.012566601424819579
416,0.06284029975575323
417,0.02330271127274197
418,0.014159153037556216
419,0.04675597027089351
420,0.051370318679776095
421,0.05721059004266327
422,0.015124799010551193
423,0.014113087906583388
424,0.03808204160779183
425,0.08633453456572704
426,0.025501920658796307
427,0.025309897023332084
428,0.03954061313200752
429,0.07012849868190846
430,0.03689669800726869
431,0.010597188193851914
432,0.032147516741964866
433,0.017047083933740437
434,0.017257218898162896
435,0.06720104659919379
436,0.024790270318735486
437,0.06501894203710912
438,0.006608138034208677
439,0.011165093221734868
440,0.04687327549009601
441,0.08510637141122723
442,0.025821688428075307
443,0.042592649484982925
444,0.01921528609622425
445,0.08017582517894073
446,0.01756872538572818
447,0.026744079059665582
448,0.05171258122306899
449,0.018163154363104006
450,0.014567254089038917
451,0.08203284662183641
452,0.020320062077048506
453,0.0009395100688718294
454,0.03889185058298056
455,0.015918198527965832
456,0.03724112888635123
457,0.0080909541705102
458,0.014485319000763441
459,0.05181384253012489
460,0.03013061687947638
461,0.044977183374049656
462,0.04975599483201276
463,6.28872194800012e-05
464,0.06771644810985361
465,5.880830662430281e-05
466,0.06693989175050799
467,0.07743297674841154
468,0.01143229672943269
469,0.017469858684927564
470,0.015007719151489907
471,0.017231998567084017
472,0.016414107055017335
473,0.06275653094629396
474,0.06948560488473454
475,0.07248592976563956
476,0.01094825268838684
477,0.07186599796969906
478,0.015374658251297024
479,0.016754923435868152
480,0.03444338164966787
481,0.017482430414493044
482,0.0632611327042325
483,0.007224814367476906
484,0.017497945178007512
485,0.04265359382399425
486,0.017121162395482115
487,0.020225462677452732
488,0.014632288018306294
489,0.05104768656469827
490,0.0061265810007877786
491,0.01698765320550477
492,0.03784316324630743
493,0.013031267483009645
494,0.06270297470650765
495,0.01994084277053143
496,0.011569493732087155
497,0.016608094450973887
498,0.004881850739052673
499,0.07071213324451919
500,0.015856811782239744
501,0.01735851600902616
502,0.05694216327638901
503,0.006087552291718978
504,0.035854887562117965
505,0.01034563173863301
506,0.003018082372218789
507,0.03132211291371423
508,0.0194350717845988
509,0.0038501614152124386
510,0.02939553076917334
511,0.01325672418622803
512,0.013014025808768759
513,0.016091580183862808
514,0.019119880706077064
515,0.018986434531162333
516,0.010025835497262658
517,0.03726350430580272
518,0.0047473797363626336
519,0.06131428808126638
520,0.021332439227682576
521,0.014824882184291788
522,0.007563833292316691
523,0.03344370393078078
524,0.036179238195348074
525,0.022840183540439485
526,0.06137015807170654
527,0.027555292438016465
528,0.08731836940137336
529,0.015723760704895007
530,0.048644151015950765
531,0.01491256153738596
532,0.024659920452843487
533,0.016305477015896797
534,0.012047333354255452
535,0.010139348942831417
536,0.007777771564798197
537,0.012249765118925726
538,0.04973525184026717
539,0.0471495826634617
540,0.06419603673401397
541,0.038041174260504684
542,0.046355657122877925
543,0.015158225109678902
544,0.04277953804275647
545,0.010262379869181215
546,0.012931618628557517
547,0.015247737746425072
548,0.007027521943216097
549,0.025420757020927054
550,0.01441621480231392
551,0.016791396985288642
552,0.023181935690662625
553,0.011936581643622546
554,0.04373945362040321
555,0.03495414817292786
556,0.011704522816673224
557,0.022095819204595246
558,0.008822085755199272
559,0.06428581375898834
560,0.09043057070189855
561,0.021744982907287325
562,0.009333381005700803
563,0.055660915009151046
564,0.012879572677267914
565,0.040240356217269735
566,0.014928162249806531
567,0.020172935744196874
568,0.015740980709948893
569,0.050334180461022116
570,0.00910298850719471
571,0.014717807052691878
572,0.026199724167250693
573,0.018675071440429125
574,0.00454799979211451
575,0.01308588415371803
576,0.007066747616920166
577,0.02741492351304986
578,0.005764340309192484
579,0.05633851373975518
580,0.017660438310695525
581,0.017359397734668658
582,0.00751547297794275
583,0.03263131865710944
584,0.008743579553962766
585,0.014100276327138062
586,0.014168302157414159
587,0.021321966273937232
588,0.01390089268791117
589,0.018013714667502567
590,0.011167402204544263
591,0.024001817701896133
592,0.007094135919778699
593,0.019142481074408746
594,0.009888329517508065
595,0.046144177090999605
596,0.014515748515531612
597,0.02994057666224892
598,0.0010419285525211652
599,0.009579441094452523
600,0.05487590290316985
601,0.05709128735356772
602,0.0116195517245552
603,0.04172989627893764
604,0.021645811556748384
605,0.000633739542532874
606,0.06023227358030836
607,0.016654298250127653
608,0.006731990096074947
609,0.01426972707615004
610,0.04120147365154647
611,0.002275269674240521
612,0.012408873559939027
613,0.07113896549106996
614,0.0009304507486127545
615,0.035446235382124214
616,0.0037264499322418043
617,0.0563065289594451
618,0.00027932757779458584
619,0.03051778390575355
620,0.038184794186012505
621,0.01938447879464933
622,0.019918033707753358
623,0.0034193803057391836
624,0.018554768161484825
625,0.037812332863262466
626,0.016251479058671414
627,0.04160395473996359
628,0.04234448536898294
629,0.020447955818048147
630,0.016287217809321408
631,0.0003935819607108204
632,0.015295610045568342
633,0.0822319785104984
634,0.018732636448381967
635,0.018185204292875845
636,0.05128550402055254
637,0.02614948161774011
638,0.03823643889861095
639,0.0030809919166825406
640,0.031478523803973646
641,0.017971617886878066
642,0.044136840037648506
643,0.013297065923082663
644,0.008243277974510743
645,0.006079124722728535
646,0.033557022661134916
647,0.08719155625569719
648,0.02628322264352234
649,0.021682196507276208
650,0.0005281081005834576
651,0.028395213420229437
652,0.01333053290399544
653,0.015089134676326443
654,0.06134440459228119
655,0.015346569468603244
656,0.009267433669241543
657,0.004937976266227828
658,0.011356681887129572
659,0.014841154390936806
660,0.014166395726476377
661,0.0551632834695619
662,0.012988234038356694
663,0.0127347369237647
664,0.008559351105637214
665,0.010782191055522805
666,0.04611740971509448
667,0.02350408887110511
668,0.008384538014600151
669,0.008475903552939812
670,0.04131507493755682
671,0.012167516461134342
672,0.012511763447074165
673,0.012911531732292758
674,0.012452438827411427
675,0.018083505931857813
676,0.009814163300792877
677,0.03417205388965083
678,0.08034780488510762
679,0.012944118889611556
680,0.02321238133202419
681,0.005158116522166356
682,0.025944062132920997
683,0.027190352610611646
684,0.014987262966170034
685,0.032994563475119865
686,0.005265889424031167
687,0.042540971578150955
688,0.006250803035917407
689,0.026908744128033568
690,0.015103722357327376
691,0.0014579164404300293
692,0.05698386613139861
693,0.008821039421187393
694,0.028983258716281712
695,0.014760849540143894
696,0.007500236524994985
697,0.006020977132483729
698,0.0036991471851142155
699,0.020595193585482008
700,0.023116461347624018
701,0.03951849860720358
702,0.00383509008313232
703,0.03746213139025312
704,0.0060768431142210755
705,0.03684199945684097
706,0.01873715518647523
707,0.0060286452115032585
708,0.00342546656071252
709,0.03170458504703633
710,0.011088666135721015
711,0.022696073636600644
712,0.012528550059170307
713,0.0030725849466517463
714,0.010863778304814442
715,0.0029982234248935313
716,0.040849183773947306
717,0.0026028595354041784
718,0.005493607642623077
719,0.0025581819675357664
720,0.027513713344602397
721,0.036458242845108124
722,0.01172881553850158
723,0.026468578004220866
724,0.005478566230306736
725,0.005314363907840569
726,0.01623162551710977
727,0.003971838518887605
728,0.02551276505305622
729,0.010370544030053441
730,0.016957391563114044
731,0.02815814215567647
732,0.011192971074048819
733,0.07091925131415455
734,0.011971699913190026
735,0.03580017079257369
736,0.015344787148185768
737,0.027061810053344626
738,0.002839544242994485
739,0.0052125977548433955
740,0.010307195843341166
741,0.007054771462390308
742,0.07088620873348939
743,0.007855940456892085
744,0.04095905305567249
745,0.005233424684674581
746,0.00045778189302603245
747,0.007126397914124505
748,0.021503393542532834
749,0.018224696659906003
750,0.0033443868299005697
751,0.009065189840787857
752,0.035426137259422674
753,0.06723509472799588
754,0.03947815871583393
755,0.007304977015687664
756,0.006759948016877182
757,0.039361933967693385
758,0.0199834105672545
759,0.011367582465914738
760,0.05257000088513786
761,0.013469788534665517
762,0.008839955867399496
763,0.01112264332949442
764,0.028082434199680817
765,0.02953668361782813
766,0.023291925005832992
767,0.06164925803077542
768,0.06614160914029188
769,0.028199830311452123
770,0.010905499666159724
771,0.030686021638252958
772,0.002390804146746195
773,0.004925922911958702
774,0.005898232216692723
775,0.015331824021082463
776,0.023533682888257523
777,0.013265327528507509
778,0.025104324277416268
779,0.016079416470800023
780,0.0027227649182848257
781,0.012845231522849554
782,0.0031218956954037758
783,0.026817088912006737
784,0.0007340088022864677
785,0.006679668503386749
786,0.04382344350357936
787,0.07230301633520902
788,0.046631979297105275
789,0.036456531282250015
790,0.0009692861015093701
791,0.013732829583126271
792,0.007389444917796251
793,0.026286776376828414
794,0.05573942763086159
795,0.012137372928894719
796,0.05711827631931132
797,0.00991512426601493
798,0.009960582145155161
799,0.02888677439472409
800,0.057458656992232515
801,0.017982355481076517
802,0.013203175118295052
803,0.007391463047499824
804,0.0006372202422249562
805,0.06923974821179715
806,0.011397939238110721
807,0.004910611196970116
808,0.006961820746866465
809,0.006183049262171503
810,0.0031526514434452313
811,0.0076159455140272225
812,0.00723795675936012
813,0.02526569393180922
814,0.007675048172622434
815,0.005291713212208338
816,0.009107803218592947
817,0.02084675211332887
818,0.007395997200997595
819,0.012701297757880425
820,0.010875869746085343
821,0.0016980573693756718
822,0.005430136778232564
823,0.03748349916714555
824,0.05482502135123646
825,0.074324402991956
826,0.026003554922854777
827,0.02798255548589723
828,0.007195474858343376
829,0.024803628667149136
830,0.007149696920096371
831,0.02744400122937396
832,0.021892249263838703
833,0.004973968947986629
834,0.04819134338030384
835,0.007172800460706723
836,0.06685864941050865
837,0.0023367643135812077
838,0.031034828672678483
839,0.012863007851851682
840,0.0072242252488341485
841,0.004432520186066213
842,0.017624504447111722
843,0.008231257559329963
844,0.004231832607731301
845,0.032274878637390314
846,0.008524650181384485
847,0.04896212818042778
848,0.0770167270575508
849,0.006024078737486116
850,0.04492625387839655
851,0.05115147889420413
852,0.009380626086478383
853,0.005065869075423057
854,0.005450692986994632
855,0.0025325072092912126
856,0.003211460197563465
857,0.002518723154325553
858,0.00517224256637161
859,0.00762756582291213
860,0.0028495567234949615
861,0.005302037679549176
862,0.007651214971794218
863,0.009247036538762021
864,0.007451699506125342
865,0.028679279490446685
866,0.004072930373945072
867,0.026065960588672832
868,0.006183454643688302
869,0.011543382805212943
870,0.00599087668476761
871,0.0020920285872159106
872,0.009045994295156845
873,0.010642288892668716
874,0.002634994443385663
875,0.010991065749783147
876,0.0029160838402502165
877,0.01190595399107619
878,0.024984269690383254
879,0.008061545752272359
880,0.0023450946856378163
881,0.01449082134981139
882,0.001580295874479276
883,0.024154508077489645
884,0.008102936396947813
885,0.002608991904593072
886,0.002236458523737106
887,0.018340524555929605
888,0.004501871490898646
889,0.014633388712706807
890,0.0031763691975423836
891,0.013534428896711859
892,0.00776171232471734
893,0.0077221545720123075
894,0.011775257479836654
895,0.00026783779215699965
896,0.023629125906059256
897,0.016881045731507616
898,0.014392793393922076
899,0.0041074148024284884
900,0.020719034402053804
901,0.002388879976406022
902,0.043460952563912914
903,0.061777090773752874
904,0.007649164893292815
905,0.007509363821693871
906,0.017891430991745505
907,0.0073474928936105854
908,0.04741307583038412
909,0.06945910825637869
910,0.010351289806353359
911,0.007695992393839557
912,0.014180351745437747
913,0.010469556744800546
914,0.009647732057460168
915,0.005491898632815406
916,0.04215547063358738
917,0.05477024341158587
918,0.018017040569872522
919,0.029948078203311468
920,0.05466710576290246
921,0.03964505807146601
922,0.06468516994111978
923,0.026261844620586228
924,0.01675032425895151
925,0.004085932172654738
926,0.023219366953739495
927,0.019427184237138573
928,0.05331121501017011
929,0.017528414630681333
930,0.05053104513957213
931,0.045641475904089956
932,0.0018603812997410873
933,0.031966650313003164
934,0.04773850377150002
935,0.0045157081795341725
936,0.006221380375138752
937,0.009593286423000613
938,0.024290859910182316
939,0.0019231749465815628
940,0.03142680666278452
941,0.018245246330481413
942,0.024031060068349964
943,0.03370167808565717
944,0.034532492421273875
945,0.018344474720977666
946,0.04906393798283193
947,0.030923203858361337
948,0.04004042099975558
949,0.02868283074375877
950,0.03816259134307243
951,0.01222781106916293
952,0.017779264534901085
953,0.002759443794385197
954,0.009446252336783312
955,0.026919048165814807
956,0.045347854278076194
957,0.0031231022009556852
958,0.02952809979928217
959,0.06572042287113061
960,0.004305215137371032
961,0.02181484694523994
962,0.011849651143388096
963,0.001970098156379718
964,0.010168008810752971
965,0.002330366773825032
966,0.007931423866956555
967,0.009963244018801332
968,0.012462747922339146
969,0.0032698743631653926
970,0.023718762188497333
971,0.009671317529871715
972,0.00773243729283335
973,0.009491756111659644
974,0.00929386906554619
975,0.005576593693553011
976,0.023657545395576296
977,0.011483575074236141
978,0.011815893690538815
979,0.007663844684937304
980,0.009485358581604375
981,0.009459828941437376
982,0.0074481591409891745
983,0.009377619084308675
984,0.007463154589027132
985,0.02083594092663521
986,0.005630026587522208
987,0.020845509202918944
988,0.06139082185043439
989,0.012004181194358088
990,0.022932909152984182
991,0.00929839010629685
992,0.007326736982804727
993,0.013142075936050768
994,0.0245359739213189
995,0.046362827193551226
996,0.00919055464681029
997,0.007301585877655281
998,0.009363171043448082
999,0.008018749306853978
1000,0.03138527165333782
1001,0.0520837892674223
1002,0.01974760081622473
1003,0.04077959841771617
1004,0.022659257907782226
1005,0.007410440189528744
1006,0.005593519970028105
1007,0.005689314014419411
1008,0.009800983026106547
1009,0.004237362768372499
1010,0.011827946098704967
1011,0.012695627010834487
1012,0.011600274814976608
1013,0.009047935736356205
1014,0.0071673407987147275
1015,0.005893606191108125
1016,0.00864319998876506
1017,0.010983054187198249
1018,0.007091499824176006
1019,0.00926786305234173
1020,0.009067620361448148
1021,0.011053183699078373
1022,0.003415154596684733
1023,0.011655425882016957
1024,0.005353524208827398
1025,0.007266583197586662
1026,0.0017562667266377563
1027,0.014185926337564547
1028,0.014746275100620876
1029,0.007706968788056434
1030,0.005640804949095912
1031,0.009117813739141889
1032,0.009018128686244076
1033,0.009470842858547712
1034,0.0067932604791520745
1035,0.008845711751579888
1036,0.0022018475159082396
1037,0.02457058596287931
1038,0.010647853659322415
1039,0.007948449679247016
1040,0.009137602905360476
1041,0.006971741542841858
1042,0.0060312465347691635
1043,0.0007761632166110033
1044,0.011213606469393733
1045,0.0031200953487902083
1046,0.013598146769205899
1047,0.006844977389903528
1048,0.0009368322596121637
1049,0.009777933269994543
1050,0.006766327019330776
1051,0.006766755839092697
1052,0.00589650843062306
1053,0.01326635338197013
1054,0.00777723983495604
1055,0.007524646883481978
1056,0.007708441238272634
1057,0.049240324924384904
1058,0.010989890013288095
1059,0.01044396319526708
1060,0.006518308597747602
1061,0.004002664987244664
1062,0.012272216325565743
1063,0.008453162343303733
1064,0.00037698686608989007
1065,0.013896936904085999
1066,0.0025447034657397616
1067,0.009480246148865445
1068,0.011860123840997883
1069,0.021174101999071215
1070,0.008194272513506462
1071,0.008157986231609682
1072,0.0015212183916588629
1073,0.008068311051105503
1074,0.05586427188908827
1075,0.001778569765495952
1076,0.054619242225919296
1077,0.001354301846080208
1078,0.010016014307827836
1079,0.0057176564874916735
1080,0.007243171416434935
1081,0.0019480067185910777
1082,0.009064909228605034
1083,0.010194575809381323
1084,0.006700013708816899
1085,0.006555417346258752
1086,0.00652672307822888
1087,0.008282401219450675
1088,0.006463762997180433
1089,0.006550321564338546
1090,0.03499794837071746
1091,0.058569167819874646
1092,0.008533558288579268
1093,0.009853408145000131
1094,0.006526307673174081
1095,0.004757235335478338
1096,0.0064083538531136686
1097,0.008392263704725789
1098,0.009861797057316934
1099,0.047885240871451795
1100,0.008816775029655943
1101,0.010037066470660161
1102,0.006462396209960808
1103,0.006322738706621589
1104,0.04498314130579362
1105,0.007945944456713372
1106,0.006065578555452422
1107,0.008074511466063417
1108,0.007960346580610178
1109,0.00771984191761188
1110,0.00797199154962236
1111,0.0060058448994382285
1112,0.05054305976178863
1113,0.007902151879774388
1114,0.007678844840061094
1115,0.007727088590772535
1116,0.04780804675111272
1117,0.00932336660627242
1118,0.009108328668095966
1119,0.04550230304383307
1120,0.003960023295709769
1121,0.044133665566760016
1122,0.007400522526586295
1123,0.0056479332609462585
1124,0.005717707311511333
1125,0.005693418801065997
1126,0.007385197910360075
1127,0.005482077027624488
1128,0.031706357262197615
1129,0.05865723355752189
1130,0.007314117733037806
1131,0.03413551969939044
1132,0.055901731390621656
1133,0.0037148029829146
1134,0.0101399785668701
1135,0.034883780557916744
1136,0.061818619612253184
1137,0.007356601433820442
1138,0.031923811781020106
1139,0.06888502395380303
1140,0.007613130988336936
1141,0.007381410590485471
1142,0.02993547448198486
1143,0.053231987191581176
1144,0.04181278873525418
1145,0.02600215252256116
1146,0.013255503129133483
1147,0.02799860759177747
1148,0.011538638123089306
1149,0.01466139673182143
1150,0.013105527152515895
1151,0.04800516988137171
1152,0.008523883922130215
1153,0.015981602599146827
1154,0.04755146789337006
1155,0.009226423946134377
1156,0.022797218328270086
1157,0.011021424393374946
1158,0.031537512049281846
1159,0.04183819588885995
1160,0.04139418581118304
1161,0.06584778052478693
1162,0.01759767588162542
1163,0.015533996208215273
1164,0.03661705694728512
1165,0.007711584955509609
1166,0.00776890203453906
1167,0.017436682432958373
1168,0.03853382580189679
1169,0.015884455502441774
1170,0.009212601351752725
1171,0.04037602409094104
1172,0.012283318930914389
1173,0.012025712567965363
1174,0.05676455257836455
1175,0.014955271059764685
1176,0.0325705103454621
1177,0.007720672494903269
1178,0.01181732978162775
1179,0.015010691666221598
1180,0.03351676122170821
1181,0.014804000106464876
1182,0.011620746852237684
1183,0.011573510434975787
1184,0.03274246557196281
1185,0.018990894917357948
1186,0.011317470374895722
1187,0.01285682177907932
1188,0.00988014490292044
1189,0.027735418172613935
1190,0.009284156572588742
1191,0.012735849858899417
1192,0.011260667448147466
1193,0.012732400312319703
1194,0.012789332666080622
1195,0.027902436468418834
1196,0.00777522577914147
1197,0.006947727130341086
1198,0.010847017643199619
1199,0.02523898662874302
1200,0.007857568406943738
1201,0.006017114107552013
1202,0.010903365034729218
1203,0.023990767505525756
1204,0.006636277487707787
1205,0.02444716123433399
1206,0.007756833972985877
1207,0.0075061667575846425
1208,0.004409685583210088
1209,0.021021024425865287
1210,0.007094887525814331
1211,0.050159803130801595
1212,0.003704913378324015
1213,0.019843519560851064
1214,0.005905342358940802
1215,0.036054623907968986
1216,0.007284542548931627
1217,0.007514882797070133
1218,0.009181978717653694
1219,0.009999335587936864
1220,0.0021038971266877926
1221,0.007852628779181359
1222,0.006768153784884712
1223,0.005741278932620775
1224,0.006270209551767714
1225,0.04022105915130347
1226,0.011464360280762698
1227,0.009902533759472254
1228,0.008286178009530465
1229,0.03604842825143961
1230,0.007653508407805543
1231,0.007812159638813654
1232,0.006501176021225463
1233,0.031427703882572766
1234,0.007076892288229386
1235,0.007133152203352866
1236,0.007093652625644209
1237,0.009111133456226606
1238,0.008130603767181332
1239,0.011577705645928527
1240,0.00472190856894783
1241,0.03393926842988737
1242,0.010078965355782676
1243,0.023409653902946248
1244,0.022724739956313744
1245,0.00963797493372831
1246,0.007381392267836073
1247,0.009435872198033879
1248,0.001654812873878475
1249,0.005311721283213666
1250,0.023228559124810477
1251,0.007342106256580827
1252,0.011208282475077214
1253,0.043216400263195925
1254,0.02303531335551967
1255,0.01048219557685548
1256,0.0054834954825531135
1257,0.0033020653665776223
1258,0.021330541407872383
1259,0.008356628941304622
1260,0.03325685424013658
1261,0.010391170227834312
1262,0.007951986149800527
1263,0.0014641772404204723
1264,0.04192233497289313
1265,0.02094089864235915
1266,0.0025662489072335593
1267,0.05047657948525025
1268,0.008243035086822115
1269,0.008304319736561094
1270,0.00880214484372277
1271,0.006779130659225752
1272,0.006762209700982513
1273,0.006642245269022462
1274,0.005137241617223065
1275,0.03421729422623487
1276,0.03302808325249673
1277,0.006920841610734252
1278,0.00602553124747196
1279,0.005848501847012688
1280,0.006120666609954695
1281,0.0064756835493289255
1282,0.0065048098695656975
1283,0.006426743249376976
1284,0.00507085016771347
1285,0.006459912458149031
1286,0.006411197989958373
1287,0.004760918283326143
1288,0.007086663344838984
1289,0.006361188334319312
1290,0.0019382553696134508
1291,0.0067320896989890855
1292,0.006395092518632461
1293,0.015393789320836904
1294,0.004917799835914227
1295,0.006269379782876117
1296,0.003508745282010617
1297,0.003571040903016298
1298,0.01466847881811617
1299,0.007369076382701678
1300,0.012676251813879436
1301,0.01058774559246456
1302,0.004852900948034478
1303,0.006117461515054767
1304,0.004836039453919083
1305,0.0060755194977542
1306,0.004698001918161943
1307,0.006161110095810107
1308,0.01107338492824228
1309,0.007897292361197517
1310,0.004092779026165783
1311,0.004974610650387845
1312,0.007249809310312161
1313,0.04039203101705141
1314,0.005022372299970712
1315,0.006950239044147377
1316,0.005003532265374977
1317,0.005975399318798091
1318,0.021258846615719085
1319,0.035834001012628236
1320,0.009621493265904224
1321,0.017894551746435283
1322,0.0025854095196429228
1323,0.005421812019122063
1324,0.018961282452274464
1325,0.003396925873235812
1326,0.006090578883121367
1327,0.004617132326116158
1328,0.009991664211306484
1329,0.019550798802726588
1330,0.019067405357313216
1331,0.004982978616037803
1332,0.0009396263517789105
1333,0.0017914442319624246
1334,0.00496749143625097
1335,0.0023169901912210022
1336,0.001938701885239702
1337,0.008462750446817546
1338,0.009351371625270222
1339,0.003206650743724726
1340,0.010372246429266374
1341,0.007315089102900796
1342,0.018004683910037622
1343,0.006325014451705746
1344,0.006000915060649259
1345,0.003463772033903245
1346,0.0032540440457153874
1347,0.001017816948890582
1348,0.011538741854978829
1349,0.0007258559422664845
1350,0.0020946756215611817
1351,0.012494119200749498
1352,0.008403249016175396
1353,0.0031517627182653385
1354,0.00466378713765514
1355,0.007168158217119469
1356,0.008339900765938602
1357,0.004583321262877638
1358,0.002105757063613156
1359,0.0005218247443818935
1360,0.005971548500012469
1361,0.02459557515498134
1362,0.051496246366402376
1363,0.000785864784418111
1364,0.0058334899749592495
1365,0.009622380577354983
1366,0.015079857764446425
1367,0.008682228109656354
1368,0.0047024153576471495
1369,0.0034653130330029036
1370,0.0020983062885264747
1371,0.004580740655546922
1372,0.005809872358240931
1373,0.0034110405092051543
1374,0.00324319564341069
1375,0.005998729764497224
1376,0.008817144135350397
1377,0.006261940901894025
1378,0.007138521564242106
1379,0.0006367803314806242
1380,0.002670034167800761
1381,0.002454350430562524
1382,0.006213034439420895
1383,0.008780903435273046
1384,0.01688093384287903
1385,0.0035992037579337666
1386,0.0036402047878292265
1387,0.004923825221239575
1388,0.01666536822576825
1389,0.008845350914411743
1390,0.004874762431706481
1391,0.005039070649122568
1392,0.0007053343220313479
1393,0.00944428104588746
1394,0.005593714155063045
1395,0.001988440657467727
1396,0.004578742514572687
1397,0.026604299419289434
1398,0.03508089444450857
1399,0.0035256991222309964
1400,0.0035134765471545037
1401,0.024215898407987213
1402,0.036018830877158736
1403,0.0036031336005413195
1404,0.003416897277375597
1405,0.0006591384933904987
1406,0.0105567258005268
1407,0.003448898465397532
1408,0.005857154999744818
1409,0.0026954539079502293
1410,0.0056104540339949605
1411,0.02159698616143335
1412,0.027782895319758416
1413,0.02253178295768632
1414,0.0009510945544546345
1415,0.02534314721239639
1416,0.004880900881734984
1417,0.028134635373277872
1418,0.005714102322129877
1419,0.000688041742002099
1420,0.009371251172125117
1421,0.002171418874014952
1422,0.018135266031466868
1423,0.006149549065741056
1424,0.028098537185513917
1425,0.0022500521262855955
1426,0.01500855818765734
1427,0.026711099648697445
1428,0.005981285580774598
1429,0.003131421249704225
1430,0.004507521068812803
1431,0.0002905209062376013
1432,0.018870021408017523
1433,0.031032843637107566
1434,0.0353928719731571
1435,0.04570276030161505
1436,0.001300066096650232
1437,0.0035289421454247627
1438,0.0017663815983330888
1439,0.0022751416718274076
1440,0.005397165397841741
1441,0.002991081657202299
1442,0.0031196560272384044
1443,0.004793109120492023
1444,0.006937618425838732
1445,0.006362491698381767
1446,0.0060089179009361615
1447,0.006897441394828618
1448,0.003347756006516489
1449,0.004547848792818554
1450,0.0009197873301451942
1451,0.004366123194859073
1452,0.007628837447855474
1453,0.0008382074682824481
1454,0.0066566070296589785
1455,0.0019067640954317788
1456,0.0020461792466943685
1457,0.0018937422234126533
1458,0.00899439394745749
1459,0.005518858110120428
1460,0.007576175736604629
1461,0.002159059796943419
1462,0.005484518014704065
1463,0.0004684902879994457
1464,0.006474197763358447
1465,0.004208035905701735
1466,0.000663872738160487
1467,0.003699746575923424
1468,0.002381374773445577
1469,0.003512631946953615
1470,0.0023945532080071885
1471,0.0019348437836226307
1472,0.0031478284602068918
1473,0.004068982447902325
1474,0.002051248967332331
1475,0.0021485212974057255
1476,0.0008425408582082294
1477,0.0011079203279220629
1478,0.007604108023328671
1479,0.002156903751565631
1480,0.007544413085122104
1481,0.0042410313788516785
1482,0.008245878775617443
1483,0.006641936070991283
1484,0.00469262334528997
1485,0.007338289617210725
1486,0.004639716510024039
1487,0.008382651673562114
1488,0.0067464118810924845
1489,0.01730229382725712
1490,0.01070577294126096
1491,0.005284593989385744
1492,0.004203408986927393
1493,0.007674112463740945
1494,0.005348187925407588
1495,0.0009948354900959355
1496,0.004484685559675627
1497,0.005988234143217586
1498,0.0020490152180783205
1499,0.0028080990651537796
1500,0.0009310798157697864
1501,0.0038733729924107507
1502,0.0021634665713936574
1503,0.004047424350667628
1504,0.012894149575942926
1505,0.0029556642597838856
1506,0.0010028196075251294
1507,0.0051149183435297285
1508,0.005192517630455695
1509,0.005798437869201312
1510,0.0032964578645446885
1511,0.0006554269013649971
1512,0.01829063191903546
1513,0.004983567151634505
1514,0.003930088245155616
1515,0.0004383904731246613
1516,0.010520287154350605
1517,0.006040252272100366
1518,0.006430419362848161
1519,0.004670890200839883
1520,0.002721816517367026
1521,0.0004767766895055203
1522,0.0038828437125164594
1523,0.0037363903458516035
1524,0.004813965894870931
1525,0.023352396282536825
1526,0.023793635681459868
1527,0.009404823239951066
1528,0.0017359675607535596
1529,0.006612685808440544
1530,0.0038184270884114024
1531,0.0073849862557946455
1532,0.0013825478103692834
1533,0.011355530061385899
1534,0.002579863908398261
1535,0.0028203848129662035
1536,0.009355555012305894
1537,0.0026225583322203594
1538,0.0014862863837488138
1539,0.005881833524337132
1540,0.003603572602676408
1541,0.004725122580578001
1542,0.01078754860947484
1543,0.014659186805804358
1544,0.0025265615105241057
1545,0.004767134657341021
1546,0.0026289340635266
1547,0.01255202414606238
1548,0.004529081292278914
1549,0.006181332933079098
1550,0.002684298654415773
1551,0.0036037864341926795
1552,0.0039046637697417452
1553,0.00574715879206833
1554,0.004850601989232706
1555,0.0015229347469725152
1556,0.0047942526153501586
1557,0.012475081910176877
1558,0.009619683315180705
1559,0.004648417077410372
1560,0.005982545797662331
1561,0.000632500159034155
1562,0.0019062191222098956
1563,0.0025230767100137275
1564,0.017183190870988962
1565,0.027587874767471265
1566,0.0005851476439193704
1567,0.005734191903761676
1568,0.0063375409618526835
1569,0.008163331790456807
1570,0.002601862796392629
1571,0.0073733874802826005
1572,0.005701602487928836
1573,0.000667632784325578
1574,0.0032082412742777677
1575,0.0015466412461062617
1576,0.002625840144425906
1577,0.0003296338059461945
1578,0.0015393337197200374
1579,0.024725426729224065
1580,0.004748685057468505
1581,0.002504529378236864
1582,0.01579163852676624
1583,0.02906109582158889
1584,0.008565388002719887
1585,0.003717540422420562
1586,0.00753486726278263
1587,0.008932692393474717
1588,0.00038871805267470805
1589,0.0016641424585737141
1590,0.003839170425069538
1591,0.0034998775339687427
1592,0.0004251818529643625
1593,0.009557972280438198
1594,0.010333728015510468
1595,0.004578231721109605
1596,0.003444479613182505
1597,0.006289846455043158
1598,0.016416052008542348
1599,0.016925906643050492
1600,0.022742092797147784
1601,0.00415134755777391
1602,0.004623620295761244
1603,0.004609687862607181
1604,0.004876841014656685
1605,0.018318012639745307
1606,0.001334575056716636
1607,0.0032873080366280227
1608,0.0019413647253232469
1609,0.007432936717909344
1610,0.008915865583264626
1611,0.007845882070315113
1612,0.015592576751354725
1613,0.0046555942410402285
1614,0.005449252519863279
1615,0.002776694901228005
1616,0.0051875565997066
1617,0.0007799668539436588
1618,0.007391804295542315
1619,0.003884553152582182
1620,0.008224680994256106
1621,5.065496667544522e-05
1622,0.008046669575202392
1623,0.001340357459227004
1624,0.012875001068910263
1625,0.006855132793030405
1626,0.003515873131929803
1627,0.0012258962792879302
1628,0.006170848581416477
1629,0.005577557595183746
1630,0.004116994471930591
1631,0.004606142209071518
1632,0.004430665253231103
1633,0.004339870659971545
1634,0.0014674390093432077
1635,0.004259973420205565
1636,0.005408681021535466
1637,0.004298132475961447
1638,0.004285478620702277
1639,0.0006375317557547611
1640,0.001705883358499527
1641,0.0052653672713014466
1642,0.003860409016903432
1643,0.0022644503453106424
1644,0.008864954059648156
1645,0.0014219410079201467
1646,0.004566179531455106
1647,0.00416265775643021
1648,0.009244488312698085
1649,0.004288884860928155
1650,0.004276357735457648
1651,0.0023244571534282166
1652,0.0020395075297336973
1653,0.01078559091256115
1654,0.0004780151909566932
1655,0.007144693227032706
1656,9.220867806236654e-05
1657,0.004397104263769158
1658,0.011778772991094089
1659,0.011010646489505893
1660,0.006899111458050777
1661,0.002059403348403155
1662,0.006617545316479401
1663,0.005552682436213985
1664,0.0039173700067125505
1665,0.0020493119907465385
1666,0.005103079691749723
1667,0.004243756802908116
1668,0.0021730343213324232
1669,0.0032579913926302773
1670,0.004126618889286338
1671,0.004041139169837837
1672,0.0021038571262446126
1673,0.0020978040379384666
1674,0.0049046643239476495
1675,0.002352385091772824
1676,0.007890079373212844
1677,0.003175720086332934
1678,0.004189642261561044
1679,0.0034004362711144154
1680,0.004861782395009673
1681,0.004847867128658034
1682,0.004727764577165505
1683,0.0053531960094157505
1684,0.0011867176530495627
1685,0.0029409372968878245
1686,0.03173838385785932
1687,0.0027123058849307657
1688,0.014194158435370197
1689,0.007869888510129597
1690,0.0031049352246395046
1691,0.004214745217819615
1692,0.0011066508483925652
1693,0.007065805224904631
1694,0.004799446453423339
1695,0.0029108726647066874
1696,0.005329891638025552
1697,0.001972388710108408
1698,0.007185554574703268
1699,0.004721926562946344
1700,0.0010487695626610893
1701,0.0033713172956557624
1702,0.007021761000815863
1703,0.001196913062630589
1704,0.00667647867597454
1705,0.004608646713440745
1706,0.003514997705328149
1707,0.005196899321753712
1708,0.0035740172110703128
1709,0.004290555978466504
1710,0.004680286010695145
1711,0.0011064891465673021
1712,0.006731752424662396
1713,0.002392560370355401
1714,0.0007293721165448908
1715,0.02630632348940809
1716,0.004651234312814445
1717,0.004298909261793327
1718,0.00406270299418976
1719,0.0029602348885915397
1720,0.0076606790780004985
1721,0.005877483633458747
1722,0.016185584853665835
1723,0.004593492592617654
1724,0.006166604206677473
1725,0.014458023522843977
1726,0.0024437728133479553
1727,0.005514170187896461
1728,0.004035574798858299
1729,0.0010877380564036088
1730,0.0074791394777988796
1731,0.00046697471173562377
1732,0.004785685074750301
1733,0.01438112450875928
1734,0.010813277865057369
1735,0.0022251748274491057
1736,0.0031023322026904054
1737,0.003181803011720108
1738,0.00267924078659898
1739,0.00443804140413806
1740,0.01475028657182742
1741,0.003277818335193805
1742,0.0030498076631686466
1743,0.020868727489956163
1744,0.0029919432431828596
1745,0.016784440383065036
1746,0.007134824910282722
1747,0.0030510624866171288
1748,0.007117211960993908
1749,0.004446730017601208
1750,0.003259462061587115
1751,0.006037186050160903
1752,0.005379103617821013
1753,0.007282042077963347
1754,0.011851838270578785
1755,0.0010548991991128354
1756,0.004855448563931164
1757,0.01366724986005008
1758,0.0040904772394743105
1759,0.0029951014338978066
1760,0.005035865496540115
1761,0.0035177502041046083
1762,0.013222841429536336
1763,0.0020414333328198087
1764,0.003909859892505141
1765,0.014123311614887335
1766,0.0008445780239361156
1767,0.00034078094656697644
1768,0.005925236213169871
1769,0.007076986969168919
1770,0.002882131825217238
1771,0.005826862367617647
1772,0.004965775574164333
1773,0.002742575179267348
1774,0.006817893163744149
1775,0.014155517101608783
1776,0.0043871941968873784
1777,0.006627183325237596
1778,0.031580256173810106
1779,0.033460867937723335
1780,0.0029422459172669946
1781,0.0027620290399210656
1782,0.0037683606485041654
1783,0.004637228021917128
1784,0.021249595660187248
1785,0.02769088685541199
1786,0.0033492389224435704
1787,0.03246712001956596
1788,0.005083774004416286
1789,0.0041333812347512655
1790,0.011440048951733672
1791,0.0029473003471300885
1792,0.0036882333175305426
1793,0.00269394818232338
1794,0.0058024939584293556
1795,0.001636230068386979
1796,0.0037692803217388438
1797,0.010291419753270414
1798,0.0022382234376583376
1799,0.003637806150721623
1800,0.03022853655029173
1801,0.0009175138415216111
1802,0.002847170788948139
1803,0.010488578220887224
1804,0.004046663246924709
1805,0.008748181724912651
1806,0.000736493340687705
1807,0.003519449065541469
1808,0.0002302078329949886
1809,0.0008306579881161014
1810,0.002790738622860056
1811,0.0022022403064703155
1812,0.013025724124211546
1813,0.002854083724455503
1814,0.004627859600258688
1815,0.002264688114092639
1816,0.002383187554679367
1817,0.005332018461391419
1818,0.0079416228205611
1819,0.0035477614408239155
1820,0.012673129061981703
1821,0.0021075416932547775
1822,0.00435172264542083
1823,0.003546991628191165
1824,0.0011069521720521447
1825,0.00965125915724796
1826,0.0034782246879658807
1827,0.004588999293675844
1828,0.0007285583216991576
1829,0.007584646415566665
1830,0.0029047430737243474
1831,0.004267498299034944
1832,0.004568453404124373
1833,0.004905649139139712
1834,0.00816410183059646
1835,0.001459547170099107
1836,0.0005185640704294947
1837,0.0036312917863847716
1838,0.007268659750885309
1839,0.011380668880330402
1840,0.009934578886118484
1841,0.0027077848810410643
1842,0.0009777961727457374
1843,0.0018315550551473159
1844,0.0042827320428693305
1845,0.00511894219977016
1846,0.0016891224328516863
1847,0.004794842651019149
1848,0.0046840626757482795
1849,0.00440091928493791
1850,0.002173714591016118
1851,0.004979762412922195
1852,0.00866060730417173
1853,0.0017165371233760496
1854,0.004392134484719978
1855,0.004811728336182153
1856,0.0029950667175882018
1857,0.005243445509494293
1858,0.002197762838623607
1859,0.024464823225624155
1860,0.03428917651211785
1861,0.0026731915491544633
1862,0.005748829450754833
1863,0.0039048483945407497
1864,0.00399322738889385
1865,0.0025996531502014975
1866,0.02439442886658738
1867,0.03059524108603434
1868,0.003125482087513509
1869,0.005252008526829943
1870,0.004996061417053221
1871,0.0022979303717276522
1872,0.004993475865356478
1873,0.01169909151194859
1874,0.0016773150828077732
1875,0.004121000001592545
1876,0.0023713377833001203
1877,0.003341833026642149
1878,0.0025879699846704796
1879,0.02421428852601215
1880,0.03186307248168131
1881,0.0017239178499384167
1882,0.003808761017511486
1883,0.002042116859564569
1884,0.0032513072027067214
1885,0.005077218671636574
1886,0.0022487359261820217
1887,0.00175731179832872
1888,0.0226266788036944
1889,0.036354629600088555
1890,0.022960713439168723
1891,0.02794696025415351
1892,0.00261947672645646
1893,2.6854524108888e-05
1894,0.005836728575324468
1895,0.0016403931047435094
1896,0.0033469809059780697
1897,0.0017445894770646841
1898,0.0032389869658460135
1899,0.006646952140432427
1900,0.001008624165118821
1901,0.0018603298331496543
1902,0.006829366231448031
1903,0.0018474058031427987
1904,0.0026332578157390873
1905,0.0052494739713029315
1906,0.005911179811637135
1907,0.0013092263179992347
1908,0.025987704471457707
1909,0.001901482393810383
1910,0.007445009189577689
1911,0.0017195415740576259
1912,0.006978652794425555
1913,0.0019929846920294647
1914,0.01171789953686675
1915,0.00040363726497005814
1916,0.0043807085196092554
1917,0.00018693397057978345
1918,0.004509191721949524
1919,0.0038691691711587595
1920,0.0031496317230965687
1921,0.005267056092333355
1922,0.00022098978073303854
1923,0.0035213827022602118
1924,0.0010295277272160952
1925,0.00446008307369361
1926,0.00033227189398443713
1927,0.003252398889710184
1928,0.0036621381989700996
1929,0.002865097147534801
1930,0.0036153487480268254
1931,0.001752457127280227
1932,0.004992089078792894
1933,0.0009719941041264057
1934,0.004180737083725683
1935,0.0018977842633272068
1936,0.0018217209512925159
1937,0.004093320734068762
1938,0.0026633957998716262
1939,0.008188218785076362
1940,0.001866702634965467
1941,0.001901722327787958
1942,0.004103077542212841
1943,0.00027555723029148993
1944,0.0011382286769361372
1945,0.004716221567207413
1946,0.00285528857402495
1947,0.009218752345932613
1948,0.00015582794116442145
1949,0.00527011312312986
1950,0.001582637956770938
1951,0.0050749668860212704
1952,0.00028063562619662363
1953,0.002736074628847174
1954,0.0031142877244505485
1955,0.0037317920654178494
1956,0.0025679325187903945
1957,0.011033387189192112
1958,0.003545730961881599
1959,0.0026134886146769176
1960,0.002123791795868968
1961,0.003346328337153537
1962,0.0062330153675858035
1963,0.0009686150694308004
1964,0.006904898323869535
1965,0.004388127824419996
1966,0.009858877436497604
1967,0.003679065357900857
1968,0.0029397952193779275
1969,0.004390606680552356
1970,0.0071505196897463374
1971,0.004722543238129262
1972,0.004152051537118062
1973,0.00037652356129003195
1974,0.005676552796249901
1975,9.192646374422964e-05
1976,0.002999981001468921
1977,0.003164389482425811
1978,0.0015352377451041122
1979,0.0020704866464882343
1980,0.0026978042794225665
1981,0.0006415439365068387
1982,0.0060022914704984665
1983,0.0034056514333373755
1984,9.082698559659264e-05
1985,0.005224696572248
1986,0.0018144451141477447
1987,0.004931873038380941
1988,0.0019632553547888065
1989,0.0037078250463369322
1990,0.002001027746310502
1991,0.003862714302888204
1992,0.0020597878574211137
1993,0.0011632306135216375
1994,0.022292837517771003
1995,0.002752004163779187
1996,0.006855841242813021
1997,0.004108586387752133
1998,0.005706680769075545
1999,0.009668685350834538
2000,0.0014625079262047258
2001,0.019330789885356636
2002,0.00029845716871745864
2003,0.009517369552301869
2004,0.0029526076946968516
2005,0.0028028579627408234
2006,0.0013522544873052489
2007,0.0013905759603911605
2008,0.004503290284159078
2009,0.0027308813242017393
2010,0.002841730874287851
2011,0.001379423188994533
2012,0.0018962804336863925
2013,0.009407061817575446
2014,0.0034644717620113674
2015,0.0019371312755991354
2016,0.0029351332423570575
2017,0.004049597241523983
2018,0.001980854890783146
2019,0.0032852232193212316
2020,0.004061285195339881
2021,0.004042523370430207
2022,0.0017823151702387463
2023,0.004437696239329103
2024,0.0018079730823918894
2025,0.016303296462803818
2026,0.002612420154554318
2027,0.004617706967396273
2028,0.002775442361818925
2029,0.0020130944751888258
2030,0.006872813425767621
2031,0.0010557598142315605
2032,0.009232048800664083
2033,0.0024810333767621984
2034,0.003955145640920366
2035,0.006320004218611341
2036,0.019397858800530132
2037,0.008848783169609575
2038,0.0048846998249048035
2039,0.003894734715878201
2040,0.003849923028700797
2041,0.0032929813624691384
2042,0.003159080357588273
2043,0.0017313513440431194
2044,0.0009903988224895244
2045,0.005867815168649981
2046,0.0022962998264990375
2047,0.01565157568745934
2048,0.0028039874742820103
2049,0.001443395991056473
2050,0.007515654657859416
2051,0.016046541876828302
2052,0.0027284716605788795
2053,0.00412474479217062
2054,0.0010929979216407482
2055,0.002773897339443554
2056,0.0028286463207196633
2057,0.0029899828502002457
2058,0.0034040764239584576
2059,0.004418924524357326
2060,0.0030879062594184603
2061,0.003116696250000217
2062,0.002065499163166784
2063,0.0043706793703708335
2064,0.00037864905312146035
2065,0.01842786978479849
2066,0.0016330580564272168
2067,0.007489893751418064
2068,0.01688798802523206
2069,0.0027222242445406053
2070,0.0010031778573935668
2071,0.006124516030990623
2072,0.002772003483313412
2073,0.0019909110157758647
2074,0.0027004939602233158
2075,0.0013627940625973167
2076,0.0015090388059193494
2077,0.0033973543053282818
2078,0.0027242406917515893
2079,0.004052639365053068
2080,0.004746775931278258
2081,0.0011582693577629755
2082,0.005488307412901072
2083,0.0020687173152462712
2084,0.0014136646840361422
2085,0.0020346563672948292
2086,0.004614704851436446
2087,0.002438216446053687
2088,0.00045184502390238634
2089,0.00819892219009355
2090,0.0019522739023249969
2091,0.0003539980436877421
2092,0.005060389924929964
2093,0.0026892591302631885
2094,0.002611508771157567
2095,0.004609597560933931
2096,0.002672471149602007
2097,0.005358498443695847
2098,0.0012734630390229817
2099,0.005470292908635432
2100,0.00998577209411966
2101,0.021891719440858437
2102,0.0026065985471981357
2103,0.0020705472571957984
2104,0.0031857969251216645
2105,0.00036434082210456964
2106,0.00715232031094315
2107,0.0014960517789290861
2108,0.005006818444362793
2109,0.002575072135716283
2110,0.003116490435302044
2111,0.0010588947123619796
2112,0.006620900786110218
2113,0.0031371099632746535
2114,0.0019529118161742964
2115,0.0019079353212889671
2116,0.0008643542278257144
2117,0.002670223062417154
2118,0.004468313671011526
2119,0.001958955139023111
2120,0.002206328919299061
2121,0.0037834591778125315
2122,0.004146265156734774
2123,0.0019565724622050418
2124,0.002867495821269106
2125,0.003588404390328259
2126,0.021863431809927447
2127,0.0022307552928917396
2128,0.0005978709235434643
2129,0.006282662576461373
2130,0.0031029265372151116
2131,0.0006735233800108098
2132,0.0030199469886955654
2133,0.0021649588450278756
2134,0.004700654984521879
2135,0.009359014376975505
2136,0.0031036813489828674
2137,0.003002542285234444
2138,0.001985817541056978
2139,0.0018024866945487439
2140,0.0025231596396944056
2141,0.0018166948847722075
2142,0.002986859251177254
2143,0.001198109574378936
2144,0.0025030930231988435
2145,0.002441790502759389
2146,0.0026924537218437905
2147,0.0020314803944008197
2148,0.0011487064424802185
2149,0.005890042822275676
2150,0.0035328682214208484
2151,0.004029886154683915
2152,0.0034555272148479865
2153,0.0034960419409717503
2154,0.0030268798344224024
2155,0.003475918388001986
2156,0.004665999787138109
2157,0.002784144084646112
2158,0.003006778170799862
2159,0.002700379965268951
2160,0.0029925787473104037
2161,0.0011141296965848646
2162,0.0023654461831172924
2163,0.002244344623314465
2164,0.002180718121109315
2165,0.0017185056506527907
2166,0.002320509926868386
2167,0.0034710198499685596
2168,0.0039287107144097
2169,0.002177260120425739
2170,0.0029985153021994115
2171,0.0027271897666154565
2172,0.002296606280655311
2173,0.017802736119911566
2174,0.0011140164251992601
2175,0.002285848943748725
2176,0.0023261049248382015
2177,0.003598484827695536
2178,0.002760331795950588
2179,0.004101549679826899
2180,0.0021789877875426633
2181,0.016467046985406908
2182,0.015206021822631755
2183,0.011707773658442333
2184,0.021149520356476992
2185,0.0035674196291259896
2186,0.0027995428509619558
2187,0.016591364363318428
2188,0.002161857511494336
2189,0.0016941743012002242
2190,0.0022806345420769425
2191,0.002734107388377538
2192,0.007021612904400287
2193,0.0004939460813968566
2194,0.0027817945975696645
2195,0.0066363723558393595
2196,0.0034045909571798205
2197,0.0015196753322661571
2198,0.0027322429404081916
2199,0.011343323491647572
2200,0.008072131558238826
2201,0.0021129849359957653
2202,0.005179038213248166
2203,0.006723139121692423
2204,0.01698674100598585
2205,0.006217655210898121
2206,0.0005148125047909069
2207,0.001973447931363115
2208,0.00568007410218474
2209,0.0022638177698981465
2210,0.00438443114738396
2211,0.002452651009623885
2212,0.020224581973670053
2213,0.0006737325601764432
2214,0.004876802166248417
2215,0.0018919535299790624
2216,0.003383501721129001
2217,0.0017775902319701054
2218,0.003083398979327967
2219,0.014088126247508548
2220,0.0013016177364013615
2221,0.0028694752592874906
2222,0.004155685431592282
2223,0.014240166792314324
2224,0.0023800619158720338
2225,0.003388127906163607
2226,0.0022678770922430758
2227,0.0011342215815250967
2228,0.003351420728774812
2229,0.002771750753436386
2230,0.005009915131479303
2231,0.0008840644741319181
2232,0.002847066383159458
2233,0.012513433490854764
2234,0.001576609277144314
2235,0.0017826779058847109
2236,0.00385745073239141
2237,0.0007354610501262293
2238,0.00604418906635229
2239,0.0026489685766968307
2240,0.0010528879457685214
2241,0.0023208582033764635
2242,0.004790891665492181
2243,0.001850642286291393
2244,0.002186339787953351
2245,0.001599285556178387
2246,0.0006966207830516602
2247,0.0015551028375431208
2248,0.0015499171609278939
2249,0.002169038851273175
2250,0.0010229020207401796
2251,0.0021374150291446625
2252,0.001535442321983993
2253,0.0026785137558928973
2254,0.004557546742161911
2255,0.009865574787284004
2256,0.0014027174568091993
2257,0.003334306020983391
2258,0.0054031541872407995
2259,0.0021422386099079205
2260,0.0016161767579920827
2261,0.016530973737337806
2262,0.0030453699468306894
2263,0.0025507848946864087
2264,0.001055966296022337
2265,0.015293686123463601
2266,0.0020987237312759532
2267,0.014485200412610588
2268,0.0004709396327036153
2269,0.0025776373712620426
2270,6.641783540928259e-06
2271,0.0031133950831283563
2272,0.000500966937690972
2273,0.002574792711398821
2274,0.00038434824249833355
2275,0.004715442883608478
2276,0.0004356015132245261
2277,0.0009340454846231694
2278,0.0025973682879185667
2279,0.0015683896002198772
2280,0.001400152109542585
2281,0.006405811192969013
2282,0.003600573973577159
2283,0.0010898981466889168
2284,0.002677199702377564
2285,0.00038602882606575406
2286,0.003869133991694085
2287,0.003074238540871743
2288,0.0015859882135309533
2289,0.01120772549075122
2290,0.01593257712738394
2291,0.021644248513015385
2292,0.0009797964557405336
2293,0.002034456455259015
2294,0.0014986297164192308
2295,0.0014544067901796076
2296,0.00247755248960857
2297,0.013442693296747743
2298,0.005210996038206517
2299,0.009514715256361717
2300,0.001944392796014771
2301,0.0014860036353869788
2302,0.002533486598821355
2303,0.0019673542597109517
2304,0.0009653869054515596
2305,0.0029110515429482398
2306,0.0015395042886523491
2307,0.0036932665137814347
2308,0.008492110570837985
2309,0.0014777037335167442
2310,0.0014353169388741094
2311,0.0014338816219354733
2312,0.0014608568312226566
2313,0.0014991687016641109
2314,0.001429487714780464
2315,0.0009877173179746457
2316,0.0019554796006566733
2317,0.000919870274902479
2318,0.00247664271231951
2319,0.004853393380711779
2320,0.00899919405373395
2321,0.0046761394276941814
2322,0.009367116858347346
2323,0.0008346571408774928
2324,0.0020667770291908916
2325,0.001996528433979794
2326,0.000986009178273406
2327,0.000891273169095097
2328,0.005262826431206236
2329,0.009254914599302833
2330,0.003456449390045524
2331,0.009200488178030097
2332,0.0019616011717471515
2333,0.0019994122978479467
2334,0.005049145182693504
2335,0.009141959341601114
2336,0.0009939393034601451
2337,0.001985733825695224
2338,0.000990959630331023
2339,0.0013962186707008328
2340,0.0016120786145732424
2341,0.002612520680228325
2342,0.0010575600880531333
2343,0.002018210373415652
2344,0.002616192163042097
2345,0.0014751144324174348
2346,0.0013871008564465548
2347,0.001448213755590011
2348,0.0009131116956808683
2349,0.0026862342382680815
2350,0.0013504507445145641
2351,0.006441750291971582
2352,0.013401030794781388
2353,0.0019056661959004906
2354,0.0019076066835510552
2355,0.001588395038158552
2356,0.006397356689623601
2357,0.0025034413180593518
2358,0.001347091722895044
2359,0.003110502191900899
2360,0.0017472362805071029
2361,0.0014339802828264858
2362,0.0019325463025436918
2363,0.0026249185691140653
2364,0.002324653310647129
2365,0.0031400458086734417
2366,0.0030352211130244555
2367,0.009810747209700432
2368,0.000862348791863532
2369,0.0013326402892253064
2370,0.0003830919984468828
2371,0.0034977885066238557
2372,0.009735842467319289
2373,0.0008597707107838026
2374,0.0019611836673458782
2375,0.0046440061063988125
2376,0.008561808719948827
2377,0.001963866489784749
2378,0.0013307837421763224
2379,0.000858299112280303
2380,0.0009199408131679299
2381,0.0014315208723547634
2382,0.002480089351482473
2383,0.002292735956336056
2384,0.0064738084310485
2385,0.0013549019980869659
2386,0.004067322584931254
2387,0.00907227258443477
2388,0.0013040429901027828
2389,0.0014313103756840029
2390,0.0019571517925811577
2391,0.0014279219135158172
2392,0.0014050654201733792
2393,0.0023750889261817676
2394,0.002372713837255791
2395,0.002296960274529969
2396,0.001990015991149896
2397,0.0012329630579519524
2398,0.004371218127032783
2399,0.004694377245547887
2400,0.009161886573529454
2401,0.00019153354758660868
2402,0.004243711121711513
2403,0.0018707534682591564
2404,0.0009106486866929941
2405,0.0024694432903156205
2406,0.0019285123085639455
2407,0.0013688914885632286
2408,0.00511442168111742
2409,0.007341710231990817
2410,0.00420475185113478
2411,0.0023973622934807537
2412,0.00452117569515309
2413,0.009648819476406167
2414,0.022506658558028914
2415,0.018051002578720166
2416,0.022119132949240145
2417,0.0013639656808899225
2418,0.0018914478690552627
2419,0.0019142816959112352
2420,0.0018587959856439795
2421,0.0018857833435044213
2422,0.0019415898678531995
2423,0.016722286693126254
2424,0.025682964775738386
2425,0.001403923012230912
2426,0.01706385830107271
2427,0.016180528805001898
2428,0.008629960650362145
2429,0.0019143381922752667
2430,0.0008835777002365042
2431,0.0013538479686903138
2432,0.017289112597429046
2433,0.020453009129065836
2434,0.0014327202962558516
2435,0.0029150482645610154
2436,0.0014998722452284063
2437,0.001428372527695121
2438,0.0008928532460767968
2439,0.0009455318214017794
2440,0.0020410148610090495
2441,0.01656279070855371
2442,0.020686313790551192
2443,0.0161244475158151
2444,0.019759330625003346
2445,0.015343061372723898
2446,0.003314322553964466
2447,0.025850998509240428
2448,0.0008745041457451919
2449,0.0032156041348012643
2450,0.002109608223621162
2451,0.014036767861648314
2452,0.014675977664091455
2453,0.01980773371640726
2454,0.015967019712574082
2455,0.020503453201830002
2456,0.01416606775209639
2457,0.001434710880995116
2458,0.0024871223239602003
2459,0.0014060637730648473
2460,0.0014582291378633094
2461,0.0035275417416120725
2462,0.0013862467051244387
2463,0.0023253083193699453
2464,0.008445114169132628
2465,0.0009214777662123197
2466,0.0015171471975370387
2467,0.0015281300503393602
2468,0.0012786360079646286
2469,0.004973691894277099
2470,0.0015278805562970454
2471,0.0023297476658168392
2472,0.0077925552608972826
2473,0.0009195915143158651
2474,0.0009527628318921622
2475,0.0015143100690604427
2476,0.0019791419128374343
2477,0.003922508012521586
2478,0.0028654699540928696
2479,0.005418720921824827
2480,0.0015068941090659038
2481,0.0014769781240477897
2482,0.000941410236833029
2483,0.0009404688265961525
2484,0.000939528357769337
2485,0.0010408615566843693
2486,0.013213034131998036
2487,0.015778742439828797
2488,0.018813218863457715
2489,0.002103326710294784
2490,0.0019800695374305732
2491,0.0009492433140469991
2492,0.000982384979824058
2493,0.014978452957742139
2494,0.019112597637259643
2495,0.003068551938952613
2496,0.002829271150805557
2497,0.0012980911822637609
2498,0.003643194498742286
2499,0.0015346379984504388
2500,0.004253419622360477
2501,0.011329676454530757
2502,0.019515968287917185
2503,0.0015305783922734406
2504,0.014536161855864815
2505,0.019841865114566426
2506,0.018068789825388176
2507,0.0019959127403844368
2508,0.020510463628263254
2509,0.0020767559608008135
2510,0.010096893018642028
2511,0.01331050193552763
2512,0.002919829392030615
2513,0.012623825487600993
2514,0.002454397341410175
2515,0.0014939625178711502
2516,0.0028569831666511725
2517,0.0018541261834843503
2518,0.009333749042166328
2519,0.013405328403916172
2520,0.0014999191354641006
2521,0.00048168167153850305
2522,0.013311986210747584
2523,0.0013446862225983125
2524,0.000865169004360844
2525,0.002910550243375276
2526,0.001196950365145888
2527,0.0025869288326894058
2528,0.0011400814028066364
2529,0.0019606320993195148
2530,0.0031364267536759804
2531,0.007763672418885648
2532,0.003355768723607877
2533,0.0028555344684586537
2534,0.0028771887379117622
2535,0.0028498017452522895
2536,0.0023273441003701656
2537,0.0033862912660733713
2538,0.0034098657591212778
2539,0.0013899117757150137
2540,0.0016976443937748442
2541,0.00020074790784940788
2542,0.003533391738130387
2543,0.00011665140615324532
2544,0.0029729694965552333
2545,0.0023348575376185288
2546,0.007373409645705875
2547,0.0028741893467474355
2548,0.0013591813645335016
2549,0.003502353855830087
2550,0.0013334976427028522
2551,0.0028790391450601582
2552,0.0013984044853603272
2553,0.0030803287887297692
2554,0.000823908105487714
2555,0.003534213401064523
2556,0.0006084054078989709
2557,0.0010355788679698996
2558,0.00156579328910178
2559,0.0014103813419668043
2560,0.0013486879271904506
2561,0.005885684524971735
2562,0.002089165802397819
2563,0.002264655714253827
2564,0.002495417812006462
2565,0.0016811345840856973
2566,0.0015463316916362047
2567,0.0065433690240384035
2568,0.0016282402234697457
2569,0.00179568781085937
2570,0.0004713135326563922
2571,0.0016781190115326972
2572,0.003881972754544716
2573,0.0007007854174547745
2574,0.0016454342056348992
2575,0.003913889068428267
2576,0.0015163804266520309
2577,0.0005375913189524795
2578,0.0010917062790607446
2579,0.0015609403517906628
2580,0.006025023891257364
2581,0.0020224498299867832
2582,0.002969127972585195
2583,0.00047045723398797534
2584,0.002935202577753593
2585,0.000642548249966346
2586,0.0015339395715248116
2587,0.003267321573971582
2588,0.00022973755354893655
2589,0.002928707731857383
2590,0.0013994613444383575
2591,0.002921972646516613
2592,0.0058830847234472294
2593,0.0020753196178562305
2594,0.0012644744108429862
2595,0.006000668457546876
2596,0.0010378202288681138
2597,0.0019870087726494567
2598,0.00219833193578145
2599,0.002489483483370414
2600,0.0029625340546974854
2601,0.008495645134412255
2602,0.0009857859659954116
2603,0.0009639668466960849
2604,0.0027847020729772076
2605,0.0008985806286156972
2606,0.0023412924567978166
2607,0.009208515092519187
2608,0.0013540830316123298
2609,0.0016499685394189
2610,0.0008926371875963568
2611,0.005196054785555626
2612,0.002251064159584981
2613,0.0020064110376520894
2614,0.0018477823313354236
2615,0.0027971714071157727
2616,0.0012519827473189693
2617,0.0021086174503435196
2618,0.0010083120199544382
2619,0.0002562103786973857
2620,0.01091766842454156
2621,0.0020471671875399444
2622,0.0009824466805161691
2623,0.005964414335436485
2624,0.000861621669210777
2625,0.0005384560133441241
2626,0.002204722575852802
2627,0.0008909466125373022
2628,0.0032844493834809363
2629,0.0007870704732590994
2630,0.0014528519508174575
2631,0.003834954793415557
2632,0.004005058445741394
2633,0.0017892222295974314
2634,0.002892171496774676
2635,0.00576257916577827
2636,0.002162665930510954
2637,0.0005216643723713332
2638,0.0027136958776714515
2639,0.002090299815736163
2640,0.01652691138086837
2641,0.021984311802849377
2642,0.0011892553114485338
2643,0.0012960099463703578
2644,0.01443808866794749
2645,0.0028529498377229956
2646,0.00027822814072164803
2647,0.00010046633550819806
2648,4.2032535839453544e-05
2649,0.006426558265828275
2650,0.0023961004793515706
2651,0.002041990503303559
2652,5.3215431888187226e-05
2653,0.003700552587462269
2654,0.005315144304517183
2655,0.000726578743424966
2656,0.001515001728232157
2657,0.0030745688910345237
2658,9.572009378100432e-05
2659,0.0034546284151759643
2660,0.0002546103482297113
2661,0.002629169298330236
2662,0.0007366087578835057
2663,0.002258872935020584
2664,0.0019407906817225928
2665,0.00047820485172112015
2666,0.0003137679224525236
2667,0.017789864067473182
2668,0.024815678832622298
2669,0.017159897757625497
2670,0.01959380732738039
2671,0.0017741988580803891
2672,0.00013290258205467254
2673,0.0027406075381923856
2674,0.0013482710137728837
2675,0.001341714409425876
2676,0.00014880454848897884
2677,0.01337902642115818
2678,0.0005367751373790419
2679,0.003246021930859211
2680,0.00201123729347108
2681,0.0002716668812632328
2682,0.016108194036311918
2683,0.01747572264293812
2684,0.004275842069392466
2685,0.006283651907354582
2686,0.0016069844324873017
2687,0.01765495879138612
2688,0.018615162779752586
2689,0.0016212069380747707
2690,0.0015070857311365593
2691,0.01659513549539504
2692,0.023483687852959855
2693,0.0023907013496713425
2694,0.016381654751951302
2695,0.01885780956651939
2696,0.015317905412783883
2697,0.0017518795498963347
2698,0.01965904597580384
2699,0.0018765673030736174
2700,0.001938109853417469
2701,0.0006432260823450164
2702,0.002822807264626803
2703,0.0006903240869031713
2704,0.002061941606322115
2705,0.0021968393593660984
2706,0.0013662107424141645
2707,0.006520683646832559
2708,0.00017996276730114502
2709,0.002057682825356011
2710,0.016624026800087677
2711,0.021334555233149727
2712,0.015905703198753507
2713,0.019689369166416337
2714,0.0010711981103237456
2715,0.012847317013460424
2716,0.0031921969256201166
2717,0.001467972057950906
2718,0.0020084732049134857
2719,0.006333260752349856
2720,0.0009000063754429632
2721,0.001931249226210241
2722,0.0005807916699036575
2723,0.0014826899483315614
2724,0.002979172625915183
2725,0.0010334934129714313
2726,0.002531799514328359
2727,0.002427159658827893
2728,0.0004849880241444282
2729,0.003948523170022256
2730,5.539856462721815e-05
2731,0.003386809252676315
2732,0.00013220086225507188
2733,0.002826858240636998
2734,0.00015632057779813024
2735,0.003778567972002378
2736,0.0009166469795305332
2737,0.001996980332551246
2738,0.00030912178935249557
2739,0.0022394975672614947
2740,0.0011994190242932135
2741,0.002349051208961672
2742,0.0001451471772839774
2743,0.0010797398191724206
2744,0.0015786600793532557
2745,0.002054354146546533
2746,0.0009916937317941965
2747,0.012443611310472225
2748,0.0015740353713953326
2749,0.001072461336024233
2750,0.001633888874688072
2751,0.0029130477405967525
2752,0.002733353436896069
2753,0.007039688532605393
2754,0.0021998991652836253
2755,0.0012464423391524981
2756,0.0030262922104515866
2757,0.008251490760061264
2758,0.0012271032768169654
2759,0.0020350328881377777
2760,0.013636148607239384
2761,0.0014805503028019196
2762,0.0025699788434083715
2763,0.0015674088645649675
2764,0.0020431141829728716
2765,0.0025253368030555556
2766,0.0014703639138051727
2767,0.0020213411023388694
2768,0.0014952812996980036
2769,0.0025562860183985237
2770,0.0009912297323801944
2771,0.003629325111022208
2772,0.008619192877551196
2773,0.001092082113472781
2774,0.0020325484729180054
2775,0.0014979792421323523
2776,0.004743398852166347
2777,0.00200279394638736
2778,0.002158263244183889
2779,0.0015027383824679497
2780,0.002512774105623894
2781,0.0019143079785131079
2782,0.0017092797651723224
2783,0.0024448163603012496
2784,0.001497612768276202
2785,0.0004818637456409647
2786,0.0014188818818956506
2787,0.001471034428584872
2788,0.002359219820142311
2789,0.008956238295883212
2790,0.004041698878217481
2791,0.00797292000908345
2792,0.0016449335275545707
2793,0.0013356276219411711
2794,0.0010052699015226096
2795,0.00238361579621138
2796,0.002009423325630255
2797,0.0022286675019258517
2798,0.0014099135023468712
2799,0.0008383687752191449
2800,0.0008305287734917677
2801,0.007889476040612964
2802,0.0035413098812231425
2803,0.003212900413470443
2804,0.0018448366826961937
2805,0.0030992615532814405
2806,0.001349752919871161
2807,0.008087820471145424
2808,0.002055820383386475
2809,0.00146626456300325
2810,0.0014772982984401217
2811,0.0019296671539876797
2812,0.0009524627615591363
2813,0.0019604388702259
2814,0.0014300693404467602
2815,0.0031340109236683844
2816,0.0025086523519108894
2817,0.002974000842416169
2818,0.006456127059286221
2819,0.0007400635614618345
2820,0.00477635367415119
2821,0.0019746857652349625
2822,0.005927535023042552
2823,0.0011783967782790228
2824,0.001000695163773102
2825,0.0019599217413368564
2826,0.0009243079734413406
2827,0.00121776671438667
2828,0.002173873127006676
2829,0.006651913000923271
2830,0.002229020551316019
2831,0.0019798582064458614
2832,0.0009538398867010578
2833,0.0016890560803131116
2834,0.0012318516168807747
2835,0.0022457521840619776
2836,0.009287934437018697
2837,0.0032232946622210434
2838,0.0017495237530975594
2839,0.0009248946105544498
2840,0.0024688415108156114
2841,0.0015386688176888264
2842,0.004621387168249669
2843,0.0034663222867701293
2844,0.0017105069371505799
2845,0.002015944718297469
2846,0.006311991368146863
2847,0.008345660464137428
2848,0.0041842647595822235
2849,0.0007065083653143844
2850,0.002230592865472225
2851,0.0007195186174504542
2852,0.0014405808908017903
2853,0.003638199447847601
2854,0.006594181430907842
2855,0.0015052785093585541
2856,0.002183224466389966
2857,6.454073698147766e-05
2858,0.005563441943505332
2859,0.0021992728935549266
2860,0.002924069685585895
2861,0.0007169395576003268
2862,0.0009032368873356234
2863,0.0005336192400613449
2864,0.012522565378051853
2865,0.0005207072900850207
2866,0.0030088272047490427
2867,0.0005224331700719453
2868,0.00216252200920497
2869,0.0034704286763429515
2870,0.002436189016897128
2871,0.0007817723667482568
2872,0.0009114148815592138
2873,0.0010066159614185999
2874,0.0021050518098797433
2875,0.001963740286282878
2876,0.002697918803518995
2877,0.0014019210931404125
2878,0.0009687009902292765
2879,0.002700160702197696
2880,0.002200951660554118
2881,0.0009252594012640891
2882,0.0009964439371339395
2883,0.002500749586995532
2884,0.002673750626736915
2885,0.000735926229634476
2886,0.013105768014237462
2887,0.01228103092935573
2888,0.00034494175860055876
2889,0.016061121545296375
2890,0.005757558139742436
2891,0.001483163947298749
2892,0.01312248430510854
2893,0.01594539634784997
2894,0.020866054465562084
2895,0.001098406875733371
2896,0.0014067170887903657
2897,0.001957757924149206
2898,0.0009715344319594088
2899,0.0019932901702546246
2900,0.002452835341622883
2901,0.0005721773780757999
2902,0.002651930179825346
2903,0.007577074880069645
2904,0.002741120620873172
2905,0.0026420834496061474
2906,0.0020131826769236305
2907,0.002531624039701086
2908,0.0020669712035403798
2909,0.015773912660168588
2910,0.01953220646509435
2911,0.0024946939286949465
2912,0.0015391115301612857
2913,0.002496991850322594
2914,0.01616964182236469
2915,0.01973911441908155
2916,0.014026014818885546
2917,0.01918861115337034
2918,0.001568879140703583
2919,0.0015048102615629055
2920,0.0015033054513011734
2921,0.0032647353550712133
2922,0.0022604042751672715
2923,0.0021562777938433086
2924,0.0021802836556368277
2925,0.002833824748292635
2926,0.001133985241815072
2927,0.002815692367986067
2928,0.0023802071160972105
2929,0.0005927033256818426
2930,0.004549442524834246
2931,0.01480066967318816
2932,0.000991026041100962
2933,0.01931524543901819
2934,0.0027452896450865794
2935,0.00339703178375661
2936,0.008267953890954916
2937,0.019457877250942557
2938,0.01571485761721103
2939,0.019808215438092636
2940,0.002914075619354861
2941,0.0019080102832309542
2942,0.0023633422245943336
2943,0.002012986325939714
2944,0.001534118733912404
2945,0.0024037389307234314
2946,0.0010097017602377356
2947,0.002787115331462253
2948,0.001900325490032273
2949,0.0017850129432201989
2950,0.0019617119481525336
2951,0.001107477508931698
2952,0.0014813700314224576
2953,0.015162113505260422
2954,0.01966369114897426
2955,0.002433728063687024
2956,0.00036206356639256754
2957,0.0016303080541932857
2958,0.014692300698757599
2959,0.02268435924705237
2960,0.002945785480486407
2961,0.0033968853989270187
2962,0.007825454338721727
2963,5.324955226138073e-05
2964,0.015365573415606626
2965,0.018417980617921714
2966,0.014891721957614124
2967,0.018361804027439976
2968,0.0027928661614082806
2969,0.0014020930413365384
2970,0.0023516455157261973
2971,0.002485040476545297
2972,0.0034949180734313856
2973,0.01471742637683171
2974,0.019136656274368002
2975,0.0024793548674493238
2976,0.0023996696302290843
2977,0.0024744758429515734
2978,0.0025504949601820037
2979,0.001879962940557256
2980,0.002422575872148336
2981,0.001746129705213928
2982,0.0023898926917875762
2983,0.0025395083355572723
2984,0.0024340372363682583
2985,0.002935956943949769
2986,0.0029598067012917006
2987,0.002439801440044853
2988,0.003441907093150398
2989,0.0013914591512591556
2990,0.0015686880788123858
2991,0.0030000303651838145
2992,0.003000710090542036
2993,0.0028693671344623972
2994,0.01534907219940429
2995,0.01912800902174555
2996,0.0014092863088199792
2997,0.0005641193603684869
2998,0.0011010552410080088
2999,0.01495331850066206
3000,0.01669234491941307
3001,0.002791885201009592
3002,0.0024308577212859284
3003,0.0017782523577389853
3004,0.0008822941173534105
3005,0.004336927629841281
3006,0.0018730771826351855
3007,0.00024652844888706227
3008,0.0010765252101503364
3009,0.01520041513192849
3010,0.018964447500508297
3011,0.0016035552979594137
3012,0.003234090519655286
3013,0.00063001941679941
3014,0.0014340059186435106
3015,0.0013556694032010874
3016,0.001683629261066688
3017,0.0006427346274811008
3018,0.0008712511885624608
3019,0.0025513343064615945
3020,0.0009840775134177804
3021,0.0012243223399046599
3022,0.005193035034127602
3023,0.00043274585429209367
3024,0.0033149648152663858
3025,0.0017881905341714521
3026,0.0046424330750443055
3027,0.002523604547342906
3028,0.001434743993335097
3029,0.005189724573195997
3030,0.002638923755857281
3031,0.0012363187521478025
3032,0.003748996852819264
3033,0.001809008016928182
3034,0.0016771064561322824
3035,0.00248110886520303
3036,0.006405900245719298
3037,0.0011648082285007355
3038,0.003166054099953186
3039,0.0013677762118735615
3040,0.0016322523128500244
3041,0.0014698767630330067
3042,0.0007043939996695947
3043,0.0020426099913168905
3044,0.0014460334302488498
3045,0.0007567978470324199
3046,0.0051312432583543455
3047,0.00041774518543835626
3048,0.00031540618180647684
3049,0.004010447081906232
3050,0.0021930393674667314
3051,0.0010065524651943214
3052,0.0025650679757358574
3053,0.0014225964046046258
3054,0.001973621360647826
3055,0.003044813158355808
3056,9.617495105462837e-05
3057,0.0024686029261284936
3058,0.0015780445720707803
3059,0.007340495590387075
3060,0.00229504600495245
3061,0.014879629031019359
3062,0.016308952924208364
3063,0.004334052827434487
3064,0.0013321403918999941
3065,0.0017542292863139686
3066,0.0019192000319416813
3067,0.0027048532626277044
3068,0.0023097525516333484
3069,0.00026969410757837764
3070,0.0014086490723057565
3071,0.0012396264624352504
3072,0.0005470637134741274
3073,0.001978334831579165
3074,0.0024990837694747192
3075,2.6142587022270902e-05
3076,0.0004057017373830796
3077,0.0025962051265548958
3078,0.0020186089214284664
3079,0.011253053901072896
3080,0.014551028620263473
3081,0.002549594081149298
3082,0.0006361895412907437
3083,0.001766154082368132
3084,0.009423344462589522
3085,0.01065342442290329
3086,0.005907771748342672
3087,0.001300351900128227
3088,0.004649894386955733
3089,0.0010564720141439388
3090,0.0020932943300087103
3091,0.0014578677023453501
3092,0.003309207021209959
3093,0.005005265690604999
3094,0.0025793702694700826
3095,0.0030852204802207517
3096,0.0015727011716424322
3097,0.0006502853840006928
3098,0.003037272585963091
3099,0.0019423371334714723
3100,0.0001441455118791346
3101,0.015908690624785393
3102,0.006189682670781238
3103,0.005885565868266385
3104,0.00046428911236429116
3105,0.001406132515559655
3106,0.0019383802291979002
3107,0.00043644184896907134
3108,0.0028521300915904657
3109,0.0058692422750272755
3110,0.0004764945928799058
3111,0.013023178751430997
3112,0.01590639624088752
3113,0.0031187719325762586
3114,0.0009272409074800869
3115,0.0026447943617191605
3116,0.0011528934743796349
3117,0.0009489260824828705
3118,0.001986159035804569
3119,0.0013856201654509626
3120,0.001812886837225136
3121,0.004933171438550321
3122,0.0025708976008433915
3123,0.0002631360039382358
3124,0.0004670529908690213
3125,0.002466585937877852
3126,0.002345592112454664
3127,0.002580296577083807
3128,0.0009169019649557519
3129,0.0034915677402431733
3130,0.000302174858897164
3131,0.002334241196438658
3132,0.0021786395478895493
3133,0.0025389471328423063
3134,0.0023435786075385323
3135,0.0020001815893677666
3136,0.0015055975085336293
3137,0.0025233226802559017
3138,0.0030400703286250774
3139,0.0018924562154931657
3140,0.0019152890340032869
3141,0.0018862665018297697
3142,0.0016546657311007351
3143,0.00041148747846708744
3144,0.0017931819419376716
3145,0.0012188467401932357
3146,0.002164382198726056
3147,0.0012477748599661886
3148,0.0014687204331593762
3149,0.001487113769982784
3150,0.004362636056862934
3151,0.0025382596487699693
3152,0.005082007506818975
3153,0.0018503822065474296
3154,0.0015749152278536904
3155,0.0017520048376304942
3156,0.0009265591820355468
3157,0.0018847411817861648
3158,0.00010298973301914316
3159,0.0044889992475622975
3160,0.0014299748351151997
3161,0.0013608162862603912
3162,0.0009331307666737843
3163,0.0023328790275707334
3164,0.000930202689010784
3165,0.003918543842840183
3166,0.0022779733047841866
3167,0.0023607793650928244
3168,0.0008828936939755394
3169,0.0019127136017114132
3170,0.0029378067004119934
3171,0.0009425356162258147
3172,0.002237424274466715
3173,0.0012963252992745922
3174,0.002295028973975377
3175,0.0004454585358013574
3176,0.0018475351931570572
3177,9.236823281844053e-05
3178,0.0033306966654658154
3179,0.0033881642094313325
3180,0.00534974622147133
3181,0.0009197556501088222
3182,0.003369813294635815
3183,0.0017914610990481528
3184,0.001403670331680651
3185,0.0013023713445661222
3186,0.0004206564410531577
3187,0.0010274366339677599
3188,0.0008805758640004768
3189,0.0009130286214698025
3190,0.0006134654949678797
3191,0.003678487339215497
3192,0.000928058965584011
3193,7.695941110785753e-05
3194,0.001211545823357696
3195,0.0065666472967125245
3196,0.001900205587536341
3197,0.004763832730586337
3198,0.00046469083817557433
3199,0.00144149887460987
3200,0.0022153903807065056
3201,0.00648109616744641
3202,0.001027500038843332
3203,0.0009996868245187862
3204,0.007713225682335789
3205,0.0016058299948373822
3206,0.0022782899499533826
3207,0.0020014815633975225
3208,0.005266613358542838
3209,0.00243035085924026
3210,0.0014575707306887509
3211,0.0025263083443669565
3212,0.0023155861630437258
3213,0.002804447047468628
3214,0.010397059510555362
3215,0.001958649113435129
3216,0.0027522534018391553
3217,0.0022751741473863163
3218,0.002797408777160726
3219,0.0017753098977952853
3220,0.002248718411426598
3221,0.0027660775361524337
3222,0.00019597045537045332
3223,0.000892231332651594
3224,0.000835894331177478
3225,0.000854333741943325
3226,0.0023322887308863116
3227,0.001356214990121174
3228,0.0023961717784883874
3229,0.0014615741554568906
3230,0.00044490479384595716
3231,0.0017653081093063072
3232,0.004568213326365367
3233,0.0009916797426159363
3234,8.809066027559709e-05
3235,0.0013737168553298318
3236,0.0004437717099032845
3237,0.00010999460485994206
3238,0.0009886724890426635
3239,0.000607770728900725
3240,0.0009678370418280124
3241,0.00035096011387736326
3242,0.002403056706210993
3243,0.002302641200226496
3244,0.0008185411114407515
3245,0.00607465754848624
3246,0.0013699892577379025
3247,0.00034389399375500673
3248,0.00040102684025766777
3249,0.00026554979476811624
3250,0.005006159449541414
3251,0.002339302919074804
3252,0.0007170626953474368
3253,0.002832865529554862
3254,0.0054835781529727345
3255,0.0014921869323938353
3256,0.0043383896121282906
3257,0.001027254662217647
3258,0.0027989262847736285
3259,0.00013643971080634643
3260,0.002662777817468598
3261,0.00525755873488265
3262,0.002318172221633663
3263,0.0031172521422457855
3264,0.004362210333892058
3265,0.00037599021671708144
3266,0.0014425851706301174
3267,0.004268810927547273
3268,0.004078372787513995
3269,0.0034850087004407726
3270,0.0005325712198831489
3271,0.005220169341453751
3272,0.0006333723800251434
3273,0.006063507077646468
3274,0.0028203088801599385
3275,0.0036042093992709745
3276,0.0006196425101117065
3277,0.0040394998305868235
3278,0.0005298773456181571
3279,0.0029067900717718587
3280,8.370033840199298e-05
3281,0.0019363553198070704
3282,0.002691940185160391
3283,0.004942290309132513
3284,0.002098283692160585
3285,0.012103728716497564
3286,0.003326371402614825
3287,0.004643675333269925
3288,0.00165618095466602
3289,0.00271479263085439
3290,0.002806858058003847
3291,0.005798598767145613
3292,0.0019605129815429834
3293,0.0007405602934862365
3294,0.003236213963961898
3295,0.0013519681346134682
3296,0.001391000781863383
3297,0.0030499670314561023
3298,3.3337460495719284e-05
3299,0.0022472740997643292
3300,0.0017862356168736326
3301,0.0032968120186191996
3302,0.00505557361246467
3303,0.001841507401749709
3304,0.004469213540493566
3305,0.0012980421240853524
3306,0.002270905258860978
3307,0.0025456492519349005
3308,0.0003931036026827428
3309,0.0005427104990802789
3310,0.0022161397620914514
3311,0.002898375733215275
3312,0.00048540619427361875
3313,0.0008561329092913184
3314,0.0033974912493022202
3315,0.004757854049757704
3316,0.0011984158790991906
3317,0.0014670076009646316
3318,0.00027911572637062676
3319,0.003951321898540083
3320,0.0006398473739479549
3321,0.0014528670411695366
3322,0.0021901798617163237
3323,0.0007940629443767833
3324,0.0030245379525819516
3325,0.001963783744798775
3326,0.0005290780658775418
3327,0.003237882182097085
3328,0.0027099076435712632
3329,0.0009729121716315348
3330,0.0026428634779791516
3331,1.1784997687946941e-05
3332,0.0021379694796070936
3333,0.0022968235154512406
3334,0.0018637574611664043
3335,0.000644541887202088
3336,0.00608454995459029
3337,0.0018254503335044525
3338,0.0005828400220737606
3339,0.006034887947847345
3340,0.0018003981993834905
3341,0.002012193397025186
3342,0.0022210036810590417
3343,0.0009651854961840733
3344,0.0008551505672773629
3345,0.006241299261608324
3346,0.0024460570003985715
3347,0.0027784635595460294
3348,0.0019635703607323585
3349,0.001800723988138575
3350,0.0014011959914235206
3351,0.0019225220681593491
3352,0.0013978722733636317
3353,0.0017445657882948495
3354,0.0014902115781096903
3355,0.00024855779428500924
3356,0.0014045641769473427
3357,0.00010603829841882018
3358,0.0030602560771875176
3359,0.002887580615126062
3360,0.0011947916639662992
3361,0.0013713198400107096
3362,0.0015574485201708121
3363,0.0039052024619357084
3364,0.0017541246351231443
3365,0.0010887244998563084
3366,0.004247817376133334
3367,0.0023486375552188576
3368,0.0028270581484330926
3369,0.0007588130801474691
3370,3.530470575707767e-05
3371,0.00564423684017612
3372,0.0002796676916978491
3373,0.0020351546524168818
3374,0.0011794264690592193
3375,0.005628773019461519
3376,0.0017643690801008027
3377,0.002762604711020966
3378,0.0027874156357214908
3379,0.00275705469067411
3380,0.0017542976359834483
3381,0.0017613668677594063
3382,0.0016919584420680422
3383,0.002257913542449419
3384,0.0009551823994051745
3385,0.002564656796547826
3386,0.0012284858113065233
3387,0.003305382325494932
3388,0.0012020769431697609
3389,0.0016887828316298759
3390,0.0014813850922927863
3391,0.0003946764344733289
3392,0.0014149155571061556
3393,0.00031991477435999727
3394,0.0023694780776568614
3395,0.0017213809981693196
3396,0.0011141893944039971
3397,0.002147223680351029
3398,0.0012966704277768137
3399,0.0022365502279368954
3400,0.0017150122071210028
3401,0.0027325986655020174
3402,0.0012298660668363937
3403,0.001030265537631081
3404,0.0008577035293537705
3405,0.002209343076449155
3406,0.0022083044646437067
3407,0.0014838165903938716
3408,0.0013834826365939357
3409,0.00261289390881414
3410,0.0008908875199344912
3411,0.0018506401062023947
3412,0.0031352405809843553
3413,0.002752378231108743
3414,0.003249625852877802
3415,0.002718802697613043
3416,0.0027602015419740944
3417,0.0022304805561184082
3418,0.0005545777502047322
3419,0.0032098003753397997
3420,0.003755765437626124
3421,0.0027354655545415163
3422,0.0033139800889872006
3423,0.0022018425794860796
3424,0.0008463928369262241
3425,0.0033058833900647677
3426,0.0008676818590673818
3427,0.001941411269022808
3428,0.0003712880395716489
3429,0.0027575066998095643
3430,0.001394220227886045
3431,0.002667479614862689
3432,0.003740650089041786
3433,0.0013938396255639418
3434,0.0009251508561267663
3435,0.003206609871430288
3436,0.0013729694287976102
3437,0.0008272690953989859
3438,0.00086053273539477
3439,0.0037036763254207905
3440,0.0013832532339939085
3441,0.002179088841272936
3442,0.0004065763608744888
3443,0.003098457140108035
3444,0.0014373626557993013
3445,0.0026741588326091303
3446,0.0014470564587347745
3447,0.0010014259124289104
3448,0.0013470153956074427
3449,0.0025143601854851205
3450,0.0009570496370008286
3451,0.0008090631109354263
3452,0.004143585553099793
3453,0.0009672368021367284
3454,0.002519945737879059
3455,0.0010050601222268973
3456,0.00263635069200463
3457,0.008028858642519454
3458,0.0014292268672253527
3459,0.015680825807893317
3460,0.020326075982147807
3461,0.0006788570256897053
3462,0.01561099004918054
3463,0.01792566944050017
3464,0.014335215790390876
3465,0.019179475314548056
3466,0.002663798774006132
3467,0.002697593308565338
3468,0.0026948957152570507
3469,0.001675043956796518
3470,0.0026733689128399796
3471,0.00110451907333875
3472,0.0021502895542653278
3473,0.0005481794009396523
3474,0.0019527249858755091
3475,0.0004344533935887185
3476,0.003623407473189122
3477,2.063741479840786e-05
3478,0.0013140023857003413
3479,0.004623847637867051
3480,0.000561134609561531
3481,0.0012501490877454557
3482,0.0014194569734589102
3483,0.0018981605404353452
3484,0.0002579730984453299
3485,0.004395490143396685
3486,0.00276024714507761
3487,0.002968304043255099
3488,0.007125903419445079
3489,0.0025188584791275836
3490,0.003605216672006417
3491,0.00707731411156276
3492,0.004485261405827057
3493,0.001394216686387395
3494,0.0018586226340997491
3495,0.015241743437303557
3496,0.0026283302038052625
3497,0.0008210802178547638
3498,0.003373092312676018
3499,0.0008100851142738286
3500,0.004322979714430186
3501,0.0032302742154040054
3502,0.0011241027647179713
3503,0.003992958596603202
3504,0.009070681472195696
3505,0.00012991279702045944
3506,0.007720483046069315
3507,0.00178059579952361
3508,0.0009163196301811283
3509,0.005196465794108818
3510,0.0007863707267641296
3511,0.002471772240166814
3512,0.00022226685322879192
3513,0.0013836381052225732
3514,0.0007572544671172743
3515,0.0032040550541263535
3516,0.0002874501839227328
3517,0.0018157931575957242
3518,0.0018764773644384114
3519,0.0021018417704099512
3520,0.002165643455983801
3521,0.004470307807775686
3522,0.001566577316846729
3523,0.001076890060652591
3524,0.014544409558539195
3525,0.0026281125865152966
3526,0.0026503006503992843
3527,0.002147650349749064
3528,0.0026206865229285725
3529,0.0021180658364055027
3530,0.0004031362591949694
3531,0.002575641074899604
3532,0.002635152477447278
3533,0.0021129094818328475
3534,0.00013354409986376936
3535,0.002112193414807173
3536,0.0018066256961177807
3537,0.0012235482171338852
3538,0.0035972013448621887
3539,0.0010246975613941167
3540,0.0020950239256496417
3541,0.005167205290915522
3542,0.0026302708713883405
3543,0.002632848933850074
3544,0.001651250674523208
3545,0.006879236545683121
3546,0.0021070511591201324
3547,0.0026049441079609714
3548,0.003121947006990311
3549,0.0007982976434717237
3550,0.0016246519549572014
3551,0.0015367130843606525
3552,0.0006193340036051431
3553,0.000996570806797159
3554,0.0013651885375618455
3555,0.002095423652120676
3556,0.0013873463383058393
3557,0.0032570076642390866
3558,0.003833884546507793
3559,0.009462020375497593
3560,0.0025984189192027607
3561,0.0021154283434206
3562,0.0005995827833427114
3563,0.002571343959906436
3564,0.0012530867314253236
3565,0.003817653131857668
3566,0.0007362068120353449
3567,0.0006726420150253709
3568,0.0019533569762781866
3569,0.0009233013837088855
3570,0.001898445826679307
3571,0.003227206572578023
3572,0.0017248521399557681
3573,0.0001325329243795359
3574,0.010345102801291972
3575,0.0001864343865216611
3576,0.0029696581380753706
3577,0.0010715878153133573
3578,0.00593802248990416
3579,0.005107467807364596
3580,0.0018893244140301135
3581,0.0013192532714345617
3582,0.0018463431090722793
3583,0.0015104767002047659
3584,0.003835916381854876
3585,0.002098076998821252
3586,0.003378939911026002
3587,0.003433840597331539
3588,0.0074837593669145885
3589,0.003448870467902765
3590,0.0011179990963987585
3591,0.0033422572418606578
3592,0.0013840947801342374
3593,0.001988771291414615
3594,0.0008125400958807205
3595,0.0014651366466940097
3596,0.0037617193923966674
3597,0.0012294706624760288
3598,0.002006249580390751
3599,0.0018737003190678614
3600,0.0016181624174209652
3601,0.0014970233145192857
3602,0.003385267406015302
3603,0.0014579035410742236
3604,0.002393945637533257
3605,0.0019165516918957515
3606,0.0019911206493881117
3607,0.0009921410237989647
3608,0.003411329015396092
3609,0.0018876440195545463
3610,0.0006648996328393331
3611,0.004937720326272377
3612,0.002110493348072673
3613,0.007997365871203144
3614,0.0014555803277085388
3615,0.013462495953276088
3616,0.0034337892175164697
3617,0.0014099656948403094
3618,0.00119019388652708
3619,0.005207313254105728
3620,0.0003383334503559432
3621,0.0018568105824265935
3622,0.00430272510783869
3623,0.0006590602118623501
3624,0.003500043077782067
3625,0.0008929357290585749
3626,0.0015367680703786135
3627,0.0012799748726814997
3628,0.0009725906074735668
3629,0.006215403264495212
3630,0.001383951458434396
3631,0.003794136094201761
3632,0.0005017422733462062
3633,0.002438729976366183
3634,0.003219839597472518
3635,0.0005348314639568308
3636,0.003073852148279599
3637,0.00041684081612425317
3638,0.0016246282511027665
3639,0.002293435400382293
3640,2.076588216004538e-05
3641,0.0049618016013535104
3642,0.01303390778825908
3643,0.015269107097763746
3644,0.00249480388400114
3645,0.0011781815686457975
3646,0.003071931991212473
3647,0.0018202268379519104
3648,0.0008496566111140247
3649,0.0034395530378650285
3650,5.879506144124136e-05
3651,0.0005378413769152601
3652,0.004756997630487536
3653,0.0001416020888944658
3654,0.004671065323294865
3655,0.005404212847927692
3656,0.007452878408553687
3657,0.009372650437668995
3658,0.0006372558325873356
3659,0.0018561312173321909
3660,5.9300439354093015e-05
3661,0.0006061352548272225
3662,0.004386282690632903
3663,0.0003416995535054923
3664,0.00430088302928322
3665,0.0030900491357104265
3666,0.014252344849281506
3667,0.0019147654503890443
3668,0.00030364698763740705
3669,0.004934809642838545
3670,0.00044323353425745893
3671,0.006449235857205693
3672,0.0011266192319450141
3673,0.00011417616548348164
3674,0.0018121666624049126
3675,0.0017806105155444563
3676,0.0010191510794914649
3677,0.0038077793519160075
3678,0.007479969651055907
3679,0.001621764551313909
3680,0.0016076210782496325
3681,0.0020507847262742906
3682,0.0016975019300038419
3683,0.003558903082488296
3684,0.0004951434247493225
3685,0.0015452594832034983
3686,3.549137315594919e-06
3687,0.004380332226670003
3688,0.0018014645320043599
3689,0.003262916182245945
3690,0.0067963308874303685
3691,0.006818873086405608
3692,0.0027036966185534084
3693,0.002674406854935807
3694,0.007646892625108537
3695,0.00337931246503409
3696,0.0013444044502537444
3697,0.005029467240565744
3698,0.0012706654672358653
3699,0.0017325409136028647
3700,0.003357764229600324
3701,0.0004000377119495191
3702,0.0007960713517642937
3703,0.001266866189503002
3704,0.0017065084142227072
3705,0.0017298019058085146
3706,0.0030410133345455392
3707,0.0012743848820826464
3708,0.00280711353350771
3709,0.0007130949449365431
3710,0.001371112679256381
3711,0.0030828501363702188
3712,0.0018273038178411305
3713,0.001785703786750581
3714,0.0011257908432091845
3715,0.0031214565353221424
3716,0.001322565019393096
3717,0.003278927524737796
3718,0.00841926584967534
3719,0.0023087871161644458
3720,0.0016548360632211434
3721,0.0020650380852660355
3722,0.002685962627098526
3723,0.005883660048237038
3724,0.0030484804191135417
3725,0.003979062630562247
3726,0.006395529002296119
3727,0.0023883770591091036
3728,0.0030394973356937527
3729,0.007782444399014654
3730,0.0029867876354727763
3731,0.006721008097074321
3732,0.001846560421566501
3733,0.0034421690177328657
3734,0.002353177038163068
3735,0.008072636537587385
3736,0.000764024590960144
3737,0.0010950388030850355
3738,0.0065420556242992145
3739,0.0014098920055718445
3740,0.0023914366590207514
3741,0.0019269240102404162
3742,0.002686625944079424
3743,0.0072967885418238065
3744,0.0030086620538058995
3745,0.0014068503788409181
3746,0.0018679435284618684
3747,0.0018660755849335686
3748,0.0023392095093486276
3749,0.014830459983788291
3750,0.015282184674737409
3751,0.007787682512021998
3752,0.002508828968665444
3753,0.0014014818407661611
3754,0.008129093760717465
3755,0.002397965498565302
3756,0.007647544663034855
3757,0.0019399408876235036
3758,0.0012921676134025617
3759,0.003337479026622958
3760,0.00727586624959109
3761,0.0011437184363614072
3762,0.0032158553029959513
3763,0.0010497671256994856
3764,0.0036363700579560287
3765,0.0005386849810640193
3766,0.0023113991609933215
3767,0.0014904064431511266
3768,0.002391513439305548
3769,0.0014865245232686952
3770,0.0013421808558882198
3771,0.001403338675032284
3772,0.0019227686696905444
3773,0.0014000125676876252
3774,0.0018611125551197816
3775,0.0013342514425649377
3776,0.0018101899183950998
3777,0.0029454999979146024
3778,0.0031629836991682314
3779,0.008810011558700426
3780,0.0008661303470121062
3781,0.002228161501205861
3782,0.0023358771871935247
3783,0.0033249486119242277
3784,0.007132005988787826
3785,0.0028746558239154396
3786,0.006972314026484572
3787,0.0019144772060490922
3788,0.00012771527721966436
3789,0.005214584139835665
3790,0.002429357110786956
3791,0.0028753196298341166
3792,0.007414658080907799
3793,0.0017298345108072155
3794,0.006938579353137797
3795,0.0018565329078170656
3796,0.0021913815533265435
3797,0.006065825979198358
3798,0.003185699254454555
3799,0.013408175443782477
3800,0.0030466934857984462
3801,0.006778101420632732
3802,0.002550678183609545
3803,0.002296805694946613
3804,0.018939575196151193
3805,0.007113259882188139
3806,0.0013450262661245382
3807,0.006530022046971062
3808,0.0028409876232222686
3809,0.0017643820908390673
3810,0.0074090091169840555
3811,0.0011618354079381277
3812,0.007938795069138305
3813,0.004449671322098947
3814,0.0018049622122542353
3815,0.0032887341731191455
3816,0.0033479454389460095
3817,0.005610658138208269
3818,0.0014144184106950064
3819,0.006561052560360547
3820,0.0018442273958396704
3821,5.075370938012469e-05
3822,0.004600206017455033
3823,0.0018673324147346904
3824,0.002340465082319998
3825,0.000940131327446192
3826,0.006136311454636001
3827,0.0025057314152316934
3828,0.0019198923504828436
3829,0.017089556904721803
3830,0.022215293347478182
3831,0.00183493072320573
3832,0.0029771852343216665
3833,0.001843376083082937
3834,0.00031163761290686764
3835,0.018755225633842465
3836,0.0038359048559692965
3837,0.006404582290899352
3838,0.0023095888364359496
3839,0.001783240786061402
3840,0.0018212302725477691
3841,0.0006980777078360312
3842,0.005201483153860487
3843,0.003058967593918549
3844,0.0023882889381647843
3845,0.0012542350578597095
3846,0.003129342452125261
3847,0.0183020670713141
3848,0.024606085832940466
3849,0.004779288729358289
3850,0.0023528774600634073
3851,0.0009093957664214614
3852,0.0017993084673348925
3853,0.0007946361144757219
3854,0.003887368206592523
3855,0.0021604132873656035
3856,0.0057124134910435664
3857,0.0025478256546094258
3858,0.002468751377332712
3859,0.0009848820509201772
3860,0.0020816256896183383
3861,0.0027426350875621175
3862,0.00571558889845214
3863,0.00036893193956943904
3864,0.003234176863576188
3865,0.005980061147321969
3866,0.0019393739688671197
3867,0.002454101261564645
3868,0.0007683138269696244
3869,0.0023124173080146804
3870,0.0019257789229754074
3871,0.001723604254436406
3872,0.0018239133775179717
3873,0.001748662890713959
3874,0.0019923684154137256
3875,0.0033646257909678567
3876,0.015746320809947978
3877,0.0027028697628403986
3878,0.01963848497914611
3879,0.00017955774137679015
3880,0.011957064408749218
3881,0.019443716149027068
3882,0.0008066424686301588
3883,0.002317374287700069
3884,0.0019269791113480927
3885,0.005944848146015591
3886,0.0008292056869203535
3887,0.004377936813372951
3888,0.011438519932054803
3889,0.004297069533151454
3890,0.0007428385729326692
3891,0.005378906797157246
3892,0.00126610838433594
3893,0.0019012059123153513
3894,0.0018270065023284765
3895,0.005759258421412117
3896,0.0012644788690883146
3897,0.0031559353750849617
3898,0.0016527794397096507
3899,0.004125714862745156
3900,0.002456941646319599
3901,0.0014169847046732187
3902,0.0020643131741171494
3903,0.001700421430751664
3904,0.0130379684062647
3905,0.002251003406794627
3906,0.0002008690901709187
3907,0.0056192651666053806
3908,0.0023489532724778606
3909,0.0023466043192055253
3910,0.0013442577148863322
3911,0.000842913457171246
3912,0.0018670705437142665
3913,0.0029418797762224003
3914,0.0012345376254909723
3915,0.0033747349295736306
3916,0.0003692447157623846
3917,0.0019042010428886869
3918,0.00183169278834594
3919,0.0013978573923516535
3920,0.0018112322622316768
3921,0.0008006024448472537
3922,0.021928892319566518
3923,0.0008169533348514335
3924,0.0028011960341549624
3925,0.00198838195180695
3926,0.0023755981153095185
3927,0.0013216784816911797
3928,0.0057789330273361195
3929,0.0017665896502214729
3930,0.0018692389867873693
3931,0.0018332872458155514
3932,0.0008155368587257072
3933,0.005852295553836484
3934,0.002326269358443156
3935,0.0006989430890849135
3936,0.0017270902998416382
3937,0.0008572313414099142
3938,0.002419106209831323
3939,0.0009577943822383084
3940,0.0017765556746982547
3941,0.00470846779715739
3942,0.003763424673330462
3943,0.002671980207194391
3944,0.001862017361555779
3945,0.006077979709084413
3946,0.001781546979115145
3947,0.0006580682131094306
3948,0.005201192587382053
3949,0.0022571770701986793
3950,0.0011600367927027122
3951,0.0024332140613108066
3952,0.0024159211292702487
3953,0.009959161069180045
3954,0.004493402484190057
3955,0.002499605926546522
3956,0.0036461851014606417
3957,0.0017899925167035313
3958,0.0022794829340408995
3959,0.0035859483247828727
3960,0.001696418866230509
3961,0.0012284697761351104
3962,0.0003833172750473679
3963,0.0011687388615562178
3964,0.003236062752247193
3965,0.00263679336701772
3966,0.002509298460501963
3967,0.024187514138151706
3968,0.0033525953808002384
3969,0.0002496399117717374
3970,0.00016182599361558303
3971,0.0058298636230440515
3972,0.002167848344764689
3973,0.0015977108308127264
3974,0.005776696224439437
3975,0.0001626444897748769
3976,0.0026856046161358726
3977,0.0007987209615438751
3978,0.004632446022449166
3979,0.0015596662473411627
3980,0.004817914810706814
3981,0.0007670989214068058
3982,0.0050517878185631915
3983,0.0024657776753462812
3984,0.0026340611938797664
3985,0.0017568552489919398
3986,0.0002948711210155608
3987,0.0017548035226218062
3988,0.001753048719099315
3989,0.0007304623370467667
3990,0.0017505652080429535
3991,0.0012728718339936052
3992,0.0045374965483611085
3993,0.0025727536348716384
3994,0.0016795958054149907
3995,0.005112632134821826
3996,0.0010777666853543089
3997,0.004239054473255344
3998,0.0025089590028151143
3999,0.0002648935758151616
4000,0.004997321985519054
4001,4.8176974315250476e-05
4002,0.005575323444527491
4003,0.003271676888711106
4004,0.001281798068965223
4005,0.0021660442451998385
4006,0.001373630380193891
4007,0.0020470642369612158
4008,0.002564670936184843
4009,0.002276303162414006
4010,0.01255340139532124
4011,0.0004952329544147815
4012,0.0024859462148385525
4013,0.002548230625064374
4014,0.0012270322464980055
4015,0.0019298501392874812
4016,0.0055931985031296705
4017,0.0010732379019393612
4018,0.001551586081762757
4019,0.003713428732008417
4020,0.00044048862758261365
4021,0.003763420424666375
4022,0.0011901519058072907
4023,0.0028701950958121003
4024,0.0010001606170737531
4025,0.003227496142018449
4026,0.0024284573682051835
4027,0.0019055773316134506
4028,0.00016033174082785706
4029,0.00022957190237304914
4030,0.0014211924834004463
4031,0.002870610217989622
4032,0.0008328784143549761
4033,0.0013955070744020581
4034,0.00019233335405433039
4035,0.004170215407437006
4036,0.0031195114800008916
4037,0.0009889917159289219
4038,0.0033004269517764584
4039,0.0014441807687748387
4040,0.0025872605170449425
4041,0.0014175873414119522
4042,0.001770353130036817
4043,0.00199617480950387
4044,0.0019373102194535363
4045,0.0025024749689790404
4046,0.0025719453319168473
4047,0.0027554721557878636
4048,0.004494119612014291
4049,0.007145463675624519
4050,0.0013616719297817603
4051,0.013392951050176682
4052,0.0018390563236656554
4053,0.00023620930608458934
4054,0.0020674966578240195
4055,0.00024716277570613343
4056,0.005971220549174205
4057,0.002571869953537309
4058,0.0001753251630067787
4059,0.0043975672611766825
4060,0.0020445733275349376
4061,0.0025518489677138767
4062,0.0025313599692347033
4063,0.013356384862006188
4064,0.0030899624534583836
4065,0.0012931359455272684
4066,0.002849535117273927
4067,0.0012385125052336576
4068,0.0019514193676899438
4069,0.0024834478637369983
4070,0.0027353225733608433
4071,0.0017459801079304782
4072,0.002683966270679683
4073,0.0002431929376571773
4074,0.002770768481266117
4075,0.0031243211528875214
4076,0.002010263251297051
4077,0.0010675504746520126
4078,0.003966341927605921
4079,0.00034539203914984995
4080,0.0025511119949905847
4081,0.0005038119854354761
4082,0.0006085665671720086
4083,0.009389901282810031
4084,0.0148633036519068
4085,0.023437939135981356
4086,0.0018219485284460823
4087,0.00537718994009273
4088,0.0032976905435746495
4089,0.001045517241943461
4090,0.0015617106963521366
4091,0.003807633050074699
4092,0.0018431111313104154
4093,0.002876982305893616
4094,0.0006302304515806156
4095,0.004720193922103988
4096,0.0022641000931358235
4097,0.01716295912993493
4098,0.02308804449751528
4099,0.002763373952172632
4100,0.0018375336551437194
4101,0.0028212730445655865
4102,0.0018452374858064502
4103,0.0028166065340351487
4104,0.016841877384875303
4105,0.01788803473694517
4106,0.004541536122587786
4107,0.015559341298393647
4108,0.020466582805220623
4109,0.0019086911461840828
4110,0.003416397839653307
4111,0.0028140803429126393
4112,0.001900551976855347
4113,0.0025722863345913893
4114,0.0027060110765684264
4115,0.017679475534746913
4116,0.018962944804209236
4117,0.0047650249331709915
4118,0.0027477123262817926
4119,0.002490019642380936
4120,0.0014221816968542633
4121,0.0006186705890294242
4122,0.0025770747665094795
4123,0.021294178481302106
4124,0.001803819489286429
4125,0.001818499186280853
4126,0.002296591401380166
4127,0.003314384095693068
4128,0.001825355425883135
4129,0.002755672927599928
4130,0.0009619806587002344
4131,0.004862119711045665
4132,0.002785437416870984
4133,0.01715422572730496
4134,0.01963081406109013
4135,0.002373466919467049
4136,0.011692726973241419
4137,0.0030928780965795433
4138,0.00250294791737371
4139,0.0013175220239762808
4140,0.001816204501952079
4141,0.0032786740117360935
4142,0.0013523184146473355
4143,0.002350966096232643
4144,0.001348615130136288
4145,0.0011460750954617183
4146,0.002451562333016799
4147,0.0005214110627811408
4148,0.017731723978971936
4149,0.014237082305947668
4150,0.021075705798447864
4151,0.001550613621571717
4152,0.0008711034742008295
4153,0.001147835401072772
4154,0.0020517555379062635
4155,0.0025841562078325886
4156,0.00182100225023607
4157,0.0025609418409979767
4158,0.002040059834883312
4159,0.0027203596277685094
4160,0.0026385480675896744
4161,0.0003235211438838981
4162,0.004069408737398028
4163,0.001053471508871251
4164,0.002686913958380721
4165,0.0014482038703218514
4166,0.003327233149633013
4167,0.0010911561408994963
4168,0.0029522387837936925
4169,0.0005819985520743032
4170,0.0007337695534976874
4171,0.0015782768973320316
4172,0.0036389385272150854
4173,0.00217776547351356
4174,0.004553681203605553
4175,0.0020577445751035484
4176,0.002556483640541174
4177,0.0015976754821172001
4178,0.0022093135714000844
4179,0.0015365392044843773
4180,0.0008728698337239216
4181,0.004220901788199782
4182,0.001827270277856563
4183,0.01644672040231976
4184,0.016959075191789186
4185,0.004471648775314474
4186,0.002300711939635658
4187,0.0025322885258800554
4188,0.00019840365705237062
4189,0.002306660949583872
4190,4.7181483596947515e-05
4191,0.0014392189081564588
4192,0.0023278198595910737
4193,0.0018779579903935861
4194,0.00020207400992866553
4195,0.0021651932829089837
4196,0.0014314880614110237
4197,0.0027716162923572263
4198,0.0019107922736636418
4199,0.0046135825972042355
4200,0.0018981315703996415
4201,0.0001936014646894968
4202,0.0013491219617067784
4203,0.0027631727459969113
4204,0.0016297238851774587
4205,0.012608478081721497
4206,0.0010739961929870923
4207,0.0014798757890450709
4208,0.0014643105644451815
4209,0.00253120906972093
4210,0.0009532558262348445
4211,0.00146032850309874
4212,0.0019305723281242138
4213,0.003904112407135951
4214,8.253549177261732e-05
4215,0.0006748509220244614
4216,0.0020529639498905183
4217,0.0044622668743010685
4218,0.0001625275069057075
4219,0.004416181457995716
4220,0.0014531393777952317
4221,0.0021770056872636445
4222,0.00020021189036212306
4223,0.0030194733376420757
4224,0.002691115078199857
4225,0.0015576795265195287
4226,0.0018369034537228934
4227,0.0002873392775417649
4228,0.0010276234529813522
4229,0.002029840617164158
4230,0.0014258840135310535
4231,0.0018806670567128592
4232,0.0015019206216599912
4233,0.0017688641650637216
4234,0.0024671125352555556
4235,0.0019124655838287374
4236,0.002220354096777566
4237,0.0021477059611547666
4238,0.0005909749894881244
4239,0.0004041690173335333
4240,0.00023857272318172917
4241,0.004914990798901009
4242,0.016207235678565635
4243,0.019546346316904162
4244,0.002268353968030379
4245,0.01781400766668595
4246,0.020361546580353718
4247,0.0011779192859355803
4248,0.0004450755052092248
4249,0.0023477705220109613
4250,0.0020874686202518866
4251,0.001795801493343241
4252,0.013267283283890485
4253,0.01730312158547498
4254,0.0024613111332065785
4255,0.0013660206930463659
4256,0.004310953219941904
4257,0.0021366053883298264
4258,0.0012134048296061906
4259,0.004689061894278979
4260,0.001424517332428099
4261,0.000881204884111142
4262,0.00047374059484850406
4263,0.0020458272981307424
4264,0.002743694210499914
4265,0.0025238721851734702
4266,0.0018533258132280572
4267,0.0007062837869615812
4268,0.001423751946917573
4269,0.0002441831205364231
4270,0.00020606106258425072
4271,0.007708008452594672
4272,0.0003020088476755056
4273,0.00261862477375141
4274,0.0006760287512275198
4275,0.0007540507063938939
4276,0.004093945075974492
4277,0.0002684882230576946
4278,0.0037467789980314414
4279,0.0008999775889675377
4280,0.004687818552607581
4281,0.0006677283601415063
4282,0.00029808184383783853
4283,1.5483688312833976e-05
4284,0.0012663942247481685
4285,0.0010019102229819055
4286,0.0011654961557128196
4287,0.00013933065955695767
4288,0.000778545360200944
4289,0.0020547591173900592
4290,0.0018517527386556765
4291,0.0005315758302759654
4292,0.0011865610307983943
4293,0.0006603744697679659
4294,0.0012282038848896448
4295,0.0005841540435427284
4296,0.0020071874500255937
4297,0.004652431409165381
4298,0.0011875253862787538
4299,0.00801113832509337
4300,0.0011572983660266267
4301,0.00017605633558570588
4302,0.0043853679142675794
4303,0.00011448869275731965
4304,0.016989269559009035
4305,0.019432844566840468
4306,0.0008289950720605788
4307,0.0008620424722982634
4308,0.0017217801625841744
4309,0.0017758716036873068
4310,0.001940625232637494
4311,0.0002349443510829552
4312,0.00036188150235894057
4313,0.0015593753798199828
4314,0.0014750773109226678
4315,0.002460628750391436
4316,0.0020652482990022314
4317,0.0016431362785125359
4318,0.008758115690601143
4319,0.0019015518564340361
4320,0.012399753113234269
4321,0.01600665284814229
4322,0.0012902400304390937
4323,0.0012059510372175453
4324,0.0020757933258401806
4325,0.00021242814118638265
4326,0.0006151692928542118
4327,0.0006770541235616712
4328,0.0020061103960560267
4329,0.0006591844775916123
4330,0.0018596642997619206
4331,0.0012993709590416458
4332,0.0015979979487736884
4333,0.00017973102306534372
4334,0.0014781276628057505
4335,0.0001281722305361832
4336,0.00042810192701203675
4337,0.0006569735320676173
4338,0.0021884594156786896
4339,0.0008313512168900417
4340,0.0014910028743146952
4341,0.00013596973999829842
4342,0.001508960027002182
4343,0.0003513970682327283
4344,0.0006377212437969071
4345,0.0013061333022292843
4346,0.0015886280113659446
4347,0.0001357773892505243
4348,0.0009421457719027693
4349,0.0016696468087435967
4350,0.0026458825994435387
4351,0.0018583826288276484
4352,0.0017260456199355012
4353,0.0004813070320133228
4354,0.0021848474087842185
4355,0.0006691494419532873
4356,0.0008269644156260192
4357,0.0018681691267441458
4358,0.0018929170630337389
4359,0.0006605113028679277
4360,0.0015207058306860866
4361,0.0005021769398911857
4362,0.0032843440243328637
4363,0.009272687428303783
4364,0.0014265018044516964
4365,0.0014165092794917733
4366,0.008912133778834708
4367,0.001687176239580701
4368,0.0014055997799182762
4369,0.0003881110923180664
4370,0.004508028161717359
4371,0.0020033150102571895
4372,0.0010955248937798423
4373,0.002084926771226847
4374,0.0013940217603947147
4375,0.0006221919092475048
4376,0.004238992704910238
4377,0.0011872432920347897
4378,0.0019521588747508645
4379,0.001575125136140887
4380,0.007910163607481202
4381,0.0014759580531640282
4382,0.0011093121918297477
4383,0.01958236626612031
4384,0.0009317447822563274
4385,0.0014254287083175221
4386,0.017012682714764527
4387,0.019026399259072235
4388,0.012527795512288886
4389,0.015984517200948956
4390,0.00026516017576039275
4391,0.00028062928131866727
4392,0.000264614386303208
4393,0.0007194779770451909
4394,0.0028028621568747525
4395,0.00019312834239837429
4396,0.01355670798458819
4397,0.013956669154258083
4398,0.001790118405502028
4399,0.012100985113006058
4400,0.016745361209584253
4401,0.001643479779117385
4402,0.001615045911045776
4403,0.000865503342121432
4404,0.0010160369352867349
4405,0.013421255377744412
4406,0.016620396070012644
4407,0.007589794461255961
4408,0.001175182589608692
4409,7.28714484115045e-05
4410,0.00016408660674827047
4411,0.0009888804866120537
4412,0.00015354581630111497
4413,0.001443518860308135
4414,0.0010470946083653843
4415,0.001834175438933272
4416,0.0006504227423120845
4417,0.0015103969246399451
4418,0.001145625640677661
4419,0.0016163550150367634
4420,0.0006167682785358508
4421,0.00017275146305806288
4422,0.0023419578143073494
4423,0.002420632945103751
4424,0.0016255758293941547
4425,0.0021088048714981156
4426,0.002475673865570016
4427,0.0005898018986107978
4428,0.002445521308302556
4429,9.534635736008212e-05
4430,0.0007359428980970861
4431,0.0019658004545388685
4432,0.0006425400007268323
4433,0.0016418974607264047
4434,0.000916214901109047
4435,0.011925826622423585
4436,0.001301422972926236
4437,0.0003021511773195762
4438,0.00300472833057297
4439,0.002094320744465694
4440,0.0029175969036860927
4441,0.00041300906645247437
4442,0.0030449742882927566
4443,0.00037199151085820503
4444,0.0016283804806525026
4445,0.0014852613282712035
4446,0.0014404015308837614
4447,0.004521774302049586
4448,0.0007764418013849195
4449,6.663586536603816e-05
4450,0.0027243354423838184
4451,0.0017448522530001398
4452,0.002902770422318568
4453,0.0004918828456026425
4454,0.0002689563975364351
4455,0.002217571794474793
4456,0.0018838546306376713
4457,0.0008038826400329491
4458,0.0029171540515253724
4459,0.0010222371178163492
4460,0.0038073538055214406
4461,0.0018475731393841066
4462,0.000331053624809563
4463,0.0023529102239465693
4464,0.0008489192805769541
4465,0.001786522801427104
4466,0.002419914718143179
4467,0.0011085106439314707
4468,0.002107402133287639
4469,0.0005106795818323739
4470,0.0017736985611662703
4471,0.0014210264227978442
4472,0.00016662452108873183
4473,0.0034865179165817217
4474,0.0018257812441775378
4475,0.004398249456800674
4476,0.0023987318084737197
4477,0.0031271636251726243
4478,0.0013801616902884284
4479,0.0028038116082287345
4480,0.002193911691687589
4481,0.0014082955842140699
4482,0.0013247834201570718
4483,0.002978222872016545
4484,0.002161699834396291
4485,0.0018788151245057172
4486,0.0023949792751394305
4487,5.201885892658353e-05
4488,0.004369635878656464
4489,0.0017796808864329883
4490,0.0011904012055463653
4491,0.0008168391321032864
4492,0.00012280865901637128
4493,0.0019177305641679965
4494,0.0013119362321947214
4495,0.0016564719835838737
4496,0.0026660645862413013
4497,0.0013235190287264054
4498,0.0011249666847015227
4499,0.0018988498178873492
4500,3.441886246235981e-05
4501,0.0022335603073009302
4502,0.0004100256157482107
4503,0.002357051897296625
4504,0.0031089176544032426
4505,0.0023325344736861986
4506,0.001165288107484841
4507,0.002332849333437803
4508,0.0017225619386498359
4509,0.00180833937671121
4510,0.001249595432365691
4511,0.0016541225301858198
4512,0.0027643743732781445
4513,0.014037367005937051
4514,0.0017286495663602075
4515,0.006160018223162034
4516,0.002797789385611704
4517,0.0023955529337742476
4518,0.0017769483912366546
4519,0.0018046145385346435
4520,0.002765150189632859
4521,0.0017482441286991168
4522,0.002194899551561491
4523,0.0017223907833763263
4524,0.0016032191550343633
4525,0.0013934924662972747
4526,0.0015974198815458251
4527,0.008796676712927054
4528,0.001253274097460011
4529,0.0027989751496075854
4530,0.0016845192241397022
4531,0.0016938339938081803
4532,0.001612132751650286
4533,0.00018884796601481568
4534,0.0006835169267356278
4535,0.0001080197283203077
4536,0.0003059166837497962
4537,0.0015854362808833677
4538,0.0005665200405573501
4539,0.0012057462092101012
4540,0.002718865647655999
4541,0.0002210997144174165
4542,0.0005876062825485029
4543,0.002089342851063769
4544,0.0015872535082128714
4545,0.0006844700337529375
4546,0.00048209259596365683
4547,0.003871400771019662
4548,0.0015870911135000831
4549,8.984480520757288e-05
4550,0.003764024637873842
4551,0.0011318567846707595
4552,0.002103151398474612
4553,0.002609871776487971
4554,0.0015791369047111203
4555,0.0015775577678067698
4556,0.001108895533447729
4557,0.0017230975245317026
4558,0.011862889241037955
4559,0.01724082019175155
4560,0.0012216988547097962
4561,0.00017956806494590083
4562,0.001263509047353839
4563,0.008896789784702763
4564,0.0010305314363678875
4565,0.0006781249878335949
4566,0.0070384248014974116
4567,0.0006092650446642978
4568,0.0003822533112898263
4569,0.001171975095867861
4570,0.0005143484717931024
4571,0.009844634174589473
4572,0.014892138394866472
4573,0.0011765622244883644
4574,0.00023504475317315254
4575,0.0042351823451469706
4576,0.016130921473716753
4577,0.0007160597084197029
4578,0.0011744345578024173
4579,0.003202571522487485
4580,0.00159283304700919
4581,0.0011984666426312351
4582,0.0014658420614868106
4583,0.005743285385106045
4584,0.0007227724795884072
4585,0.0017855112455702482
4586,0.019125681216167756
4587,0.01951371343726027
4588,0.003425157605212892
4589,0.012764630171063107
4590,0.014394313313336182
4591,0.0021510243576212673
4592,0.002104314050781042
4593,8.173055921822936e-05
4594,0.0012972752335782545
4595,0.0022612157631991536
4596,0.0025776182022498872
4597,0.0020554327409101347
4598,0.0005563184846399949
4599,0.0005558376449861235
4600,0.0017687167425814998
4601,0.0008026623115533482
4602,0.012594627878727227
4603,0.0175837564903365
4604,0.0015063540575943613
4605,0.002757474254888148
4606,0.0009625503481878184
4607,0.0008627630971203004
4608,0.0005764619902062229
4609,0.0008130318626000665
4610,0.0017786902601715227
4611,0.00024566156991134847
4612,0.0007766659083414673
4613,0.0007553607575667698
4614,0.00023818306472911388
4615,0.0020270963692645694
4616,0.0009855999471364285
4617,0.0018577126570900049
4618,0.01185819701319435
4619,0.0154742519262977
4620,0.00027007032048009805
4621,0.0042183815587870654
4622,0.0015329128729155705
4623,0.0005696384924784859
4624,0.0018999569977542485
4625,0.0015502268184897083
4626,0.0009043219039077677
4627,0.002390548366278278
4628,7.79980465015484e-05
4629,0.0008451075668634012
4630,0.001072666444284387
4631,0.0008948450611518943
4632,0.009643180902070059
4633,0.0009149701553501366
4634,0.012640838377795838
4635,0.016257881518463302
4636,0.0011897801811233677
4637,0.0005614647711569276
4638,0.0020579621299150475
4639,0.012416297474900695
4640,0.015586609206785451
4641,0.014164675530111026
4642,0.01497080576920895
4643,0.0017041779605437846
4644,0.013957377309222974
4645,0.0017384889832603445
4646,0.015312481646593712
4647,0.00011885136695477527
4648,0.001186470253021099
4649,0.008902277725044927
4650,0.0011254163175959953
4651,0.0006914763873147045
4652,0.0022810567562698836
4653,0.012252045903977216
4654,0.0011381046792970917
4655,0.013392300828440146
4656,0.014784257410981994
4657,0.0056307612283663655
4658,0.015253081503538768
4659,0.011107697946322492
4660,0.0029897078950913425
4661,0.013174396372493291
4662,0.0008775539485998962
4663,0.0001745326981530404
4664,0.0019360177018952207
4665,0.000962773362714664
4666,0.001406021014552561
4667,0.0016586194958865264
4668,0.007402996452579469
4669,0.002524213623259275
4670,0.0009489077730675533
4671,0.0002705633372324101
4672,0.001683553379951075
4673,0.0008137379584391979
4674,0.002322664480221004
4675,0.00027488727028623927
4676,0.001224612383015966
4677,0.00024213777063275543
4678,0.010693143072243672
4679,0.015028339239774313
4680,0.0002611115032071787
4681,0.0025239216736219205
4682,0.002117983885632224
4683,0.0006089199054470917
4684,0.0016495830922789168
4685,0.0008364229355644071
4686,0.0012267212276819706
4687,0.005011280765668591
4688,0.000621539971802143
4689,0.0012800093409213176
4690,0.010829227510901429
4691,0.015881699240863023
4692,0.0003503878513670955
4693,0.013638606003230525
4694,0.013758290248382599
4695,0.0027368517467376563
4696,0.0024163611350500602
4697,0.015244087010657381
4698,0.00020948322927027974
4699,0.0015965165906632883
4700,0.01142654614313976
4701,0.001750905695708127
4702,0.01510731825431999
4703,0.0012502508301182047
4704,0.01058867590744006
4705,0.014892787481375125
4706,0.011215382945354957
4707,0.014501954033184106
4708,0.0013701782885617853
4709,0.0036366920548669412
4710,0.0006958046381408955
4711,0.0021931414352196477
4712,0.0040497611910566
4713,0.0022838404364766696
4714,0.010003303838724165
4715,0.0020999453234460397
4716,0.0031290953781224484
4717,0.013251008343918791
4718,0.012714223086200072
4719,0.014681230969228798
4720,0.0005780412030884641
4721,0.00197623246866252
4722,0.0006185177822231047
4723,0.002030319617131404
4724,0.0018022978904963516
4725,0.0007110428689327541
4726,0.002399081842811235
4727,0.000480182334291257
4728,0.0009475944835735106
4729,0.00048390886130045274
4730,0.0018135942248829195
4731,0.011059954629757396
4732,0.014498993116095704
4733,0.002196184560411929
4734,0.0021908371153473993
4735,0.0016231700877558097
4736,0.002154880251001412
4737,0.002152725370750286
4738,0.0005976314689091211
4739,0.0006218500139105743
4740,0.0006999124164996928
4741,0.010363968032841786
4742,0.002613641290332369
4743,0.01718296056830626
4744,0.0003057968477677697
4745,0.0096446589357857
4746,0.015508378790993316
4747,0.0006003588731609
4748,0.008019027276854773
4749,0.0007783691403173698
4750,0.0006275077783453042
4751,0.0013422162707801277
4752,0.0021401566157357443
4753,0.000387833533096682
4754,0.0012082013794523228
4755,0.0016191028220648995
4756,0.0003423974135712271
4757,0.0007417006234251566
4758,0.00012082686617542748
4759,0.0022978710589867113
4760,0.0016124969564570435
4761,0.011868461053910817
4762,0.013780574218162478
4763,0.0016472627244756843
4764,0.0011263139911630304
4765,0.002644489147760165
4766,0.01222110840463042
4767,0.003110415701098823
4768,0.015211109428966418
4769,0.002162889296428716
4770,0.0017107264071323236
4771,0.00015901568072518302
4772,0.00987018515183724
4773,0.014568960350768823
4774,0.0026599033207848066
4775,0.000837457674565556
4776,0.001297486495650979
4777,0.0011498246887420294
4778,0.0026839794892010715
4779,0.0011812955097116884
4780,0.0006801142142021099
4781,0.006052144305811913
4782,0.00315650767204545
4783,0.010551779073094902
4784,0.01255031769240933
4785,0.0016431108790611049
4786,0.0016607692387702322
4787,0.007079337532462704
4788,0.002676265332276717
4789,0.0016652557336107598
4790,0.0016635904778774524
4791,0.0008933649151230405
4792,0.001890965516900156
4793,0.01539692225653777
4794,0.025943451675837018
4795,0.0007046374075758699
4796,0.001711724562388106
4797,0.01532363530701053
4798,0.01936863727445559
4799,0.0026900423554856445
4800,0.000678528783718324
4801,0.015074894637918224
4802,0.02543520003172603
4803,0.0007204986789841605
4804,0.002307738270500792
4805,0.0015594810578556384
4806,0.0011987204420345066
4807,0.0007162717215924985
4808,0.015003908865022897
4809,0.025687657682872345
4810,0.0017439522158788634
4811,0.002218398739853633
4812,0.0007265970077803274
4813,0.0022571204107726395
4814,0.0022401574080088693
4815,0.0027379172506010185
4816,0.0013268082926263247
4817,0.0017173084074104672
4818,0.0007155910990030989
4819,0.002187301978492595
4820,0.007024396371658748
4821,0.01930071525296506
4822,0.002797748856226079
4823,0.0004871061119642306
4824,0.003226434574716386
4825,0.0027552838340674235
4826,9.857051652373272e-05
4827,0.0016978575811714691
4828,8.857116177152236e-05
4829,0.001218754998726368
4830,0.0016678943149166514
4831,0.002373390547515175
4832,0.002246199231765722
4833,0.0022439530325342183
4834,0.0022617983652160056
4835,0.0021821556144696608
4836,0.0021903901255218017
4837,0.0011881997353961893
4838,0.0015462532432355403
4839,0.0016377474997764097
4840,0.016510915059797515
4841,0.0008856723382337783
4842,0.019015146037541286
4843,0.001941153746991553
4844,0.0014039859198189397
4845,0.0024920703904922625
4846,0.0016564877670859346
4847,0.0011548312793192572
4848,0.0012124999774516532
4849,0.0016696208108073485
4850,0.0011783678566632538
4851,0.0021303144888067393
4852,0.0021281841743179264
4853,0.0006453574607316881
4854,0.0008164756101494142
4855,0.0026465061604334927
4856,0.010319189588400501
4857,0.015474467279080084
4858,0.0011630383466609828
4859,0.0016806253083143652
4860,0.0021601946830061003
4861,0.0026767844883228697
4862,0.0013585148771126931
4863,0.0022045328173958545
4864,8.525038026219178e-05
4865,0.0015565676891093894
4866,0.0017039991889573614
4867,0.00036648053180865503
4868,0.002605109801177008
4869,0.0018849918508152541
4870,0.0005356921654535718
4871,0.0016687937173860412
4872,0.0016805177808114635
4873,0.0021466944058876614
4874,0.0026357241820700317
4875,0.002633088457888011
4876,0.0021304553694303507
4877,0.0021371484434724586
4878,0.002126187765617349
4879,0.0021240615778514993
4880,0.002121937516273764
4881,0.002663933225816262
4882,0.002117151645531834
4883,0.002156000880440878
4884,0.0011005389641551844
4885,0.0012860037352164788
4886,0.001084563490483692
4887,0.0018169956783693486
4888,0.002151659777105852
4889,0.001589240260185587
4890,0.0006157760199254625
4891,0.0005200362418391613
4892,0.021824876819427352
4893,0.000996559558641863
4894,0.001304663779118087
4895,0.001876437668091313
4896,0.002164683720588645
4897,0.002698233322582677
4898,0.0016098208035457695
4899,0.0004917385555232023
4900,0.00678916022339493
4901,0.002327971691390651
4902,0.009587940883494905
4903,0.015689363531313782
4904,0.0020901656621812315
4905,0.00044089167253247297
4906,0.0013423348815231329
4907,0.0011249747215247297
4908,0.0009637764890886302
4909,0.01226725056699074
4910,0.0008583640785353452
4911,0.014519352381293427
4912,0.0016486230471017826
4913,0.005912461268735791
4914,0.00012486434678971037
4915,0.0020191210733617737
4916,0.0004962859579102918
4917,0.007766053884392443
4918,0.0017858092481235488
4919,0.002164335280954166
4920,0.010388658950893248
4921,0.013907888773204924
4922,0.010670018029092176
4923,0.012577541627972755
4924,0.0006332296226529976
4925,0.00907397446244973
4926,0.01426771976346597
4927,0.009281062841905552
4928,0.013417466174801662
4929,0.0016416703674928534
4930,0.001190028697125367
4931,0.0016388386684282885
4932,0.0011872264817927025
4933,0.001101701408572353
4934,0.0021681554604207065
4935,0.0006399731134778541
4936,0.0018013843209172542
4937,0.0021243809452924367
4938,0.00268108009375867
4939,0.002197629782895838
4940,1.0524163780889495e-05
4941,0.00047149301257976006
4942,0.001141585436179593
4943,0.0023520523513798075
4944,9.364574528758496e-05
4945,0.009146067817861425
4946,5.562137574699477e-05
4947,0.006725659677822016
4948,0.0012673752319551923
4949,0.000603559451164859
4950,0.0019349634877419142
4951,0.009343204456654153
4952,0.013972142021605904
4953,0.0008967159243851164
4954,0.002251219524632919
4955,0.0017345452281856133
4956,0.000499062483724444
4957,0.0019281122102703385
4958,3.905590045105711e-05
4959,0.00018779971176341448
4960,0.018174910859447113
4961,0.003451994778453038
4962,0.0004180892038778694
4963,0.000797444786891699
4964,0.00026104496558776447
4965,0.0012660286758667816
4966,0.0017931717380998968
4967,0.007126846477824023
4968,0.002814012511502817
4969,0.0002055515775269967
4970,0.0011972184000041963
4971,0.0007998673354503438
4972,0.0007240674681150416
4973,0.0007521895544928547
4974,0.008636443041265096
4975,0.001664879133211894
4976,0.015419386563184423
4977,0.0018671944208676905
4978,0.0024524719724263733
4979,0.0017514373649385462
4980,0.0008912943191821121
4981,0.0015088067386126447
4982,0.0011952484996697876
4983,0.001009744530149792
4984,0.0004442670810806959
4985,0.00041945055905534545
4986,0.0007912446105837745
4987,0.0019197283585499214
4988,0.0008215036445529122
4989,0.0013507303543036642
4990,0.002453707086894852
4991,0.004656107443028024
4992,0.001551109224937619
4993,0.00022121792281248887
4994,0.004937316636283828
4995,0.00010212147134947003
4996,0.0023428498386910412
4997,0.0010209028120957697
4998,0.0007826999339881624
4999,0.001753609465612982
